_key,Turbidity,ph,Potability,Solids,timestamp,rule
100000,2.23,8.03,0,570.9,04:03:03,R12
100001,3.78,7.0,1,215.8,17:50:11,R21
100002,0.1,7.93,0,577.7,02:54:17,R14
100003,0.81,6.61,1,281.0,20:38:24,R17
100004,0.26,7.29,1,102.9,21:54:03,R18
100005,0.48,6.96,1,262.8,08:05:41,R19
100006,9.05,6.63,0,977.8,08:19:03,R3
100007,1.67,6.99,1,320.5,01:20:30,R20
100008,1.6,7.92,0,378.8,05:38:34,R12
100009,5.39,7.08,0,1749.2,20:38:08,R4
100010,5.83,5.5,0,435.3,11:08:32,R1
100011,168.32,8.34,0,690.9,21:04:55,R6
100012,0.37,6.67,0,415.8,21:42:39,R13
100013,2.19,7.01,1,205.6,09:10:52,R21
100014,0.49,6.82,1,217.0,08:13:58,R17
100015,90.71,7.29,0,131.3,09:14:47,R5
100016,0.83,7.03,1,81.8,19:26:36,R19
100017,182.37,7.04,0,581.7,06:27:27,R6
100018,0.62,7.04,1,202.8,09:44:49,R19
100019,0.37,6.88,1,265.1,01:38:29,R17
100020,2.52,6.95,1,312.5,08:07:47,R20
100021,60.03,7.81,0,651.4,03:33:13,R5
100022,59.18,8.46,0,426.4,20:39:30,R5
100023,105.98,6.99,0,705.0,11:39:20,R6
100024,0.54,6.95,1,83.6,08:50:06,R17
100025,0.89,6.97,1,553.2,23:48:05,R22
100026,0.64,7.01,1,541.3,20:36:32,R22
100027,19.34,7.57,0,1033.8,07:52:57,R3
100028,2.05,6.64,0,430.8,03:12:34,R11
100029,2.37,7.02,1,516.8,23:49:41,R20
100030,2.56,6.99,1,241.5,19:37:42,R21
100031,0.16,6.98,1,214.7,16:26:29,R19
100032,3.19,7.04,1,190.3,22:26:07,R21
100033,0.1,7.03,1,343.1,19:49:11,R22
100034,3.67,8.04,0,71.1,18:32:15,R16
100035,16.22,7.7,0,1002.9,16:54:24,R3
100036,0.27,7.03,1,174.7,21:50:44,R19
100037,13.97,7.33,0,1189.1,04:05:53,R3
100038,14.98,6.85,0,745.0,05:54:51,R7
100039,0.34,7.03,1,529.4,01:50:27,R22
100040,9.72,5.15,0,791.6,19:12:49,R1
100041,0.64,7.05,1,210.3,09:55:42,R19
100042,22.99,6.96,0,465.9,20:58:06,R10
100043,0.79,6.66,1,89.4,22:16:20,R17
100044,3.8,7.03,1,313.2,15:29:22,R20
100045,5.78,8.47,0,1599.8,14:20:07,R4
100046,14.24,7.37,0,1756.0,11:52:43,R4
100047,0.3,6.7,0,351.8,01:31:39,R13
100048,7.4,7.94,0,965.8,23:37:28,R3
100049,4.09,7.02,1,356.8,17:19:12,R20
100050,2.75,7.04,1,559.9,00:10:58,R20
100051,1.58,6.78,0,85.9,01:24:29,R15
100052,17.94,5.02,0,441.0,16:18:58,R1
100053,0.16,6.97,1,135.2,15:52:58,R19
100054,0.77,7.5,1,83.4,04:37:53,R18
100055,0.39,6.81,0,504.9,03:04:45,R13
100056,4.25,7.04,1,65.4,09:05:08,R21
100057,16.66,6.95,0,341.6,02:59:04,R10
100058,1.31,6.97,1,132.8,15:15:40,R21
100059,0.58,7.0,1,64.4,22:48:50,R19
100060,5.25,7.44,0,1053.1,12:20:39,R3
100061,103.25,6.64,0,592.1,22:13:02,R6
100062,3.74,6.24,0,684.6,20:01:54,R1
100063,1.23,6.97,1,578.1,23:31:38,R20
100064,1.86,7.92,0,509.4,23:12:44,R12
100065,0.38,7.02,1,177.9,00:18:41,R19
100066,0.56,6.72,1,117.4,23:56:07,R17
100067,0.21,7.03,1,388.5,07:01:10,R22
100068,0.25,6.66,1,116.9,08:07:14,R17
100069,2.98,7.05,1,402.8,10:44:15,R20
100070,0.47,7.66,1,175.9,09:40:16,R18
100071,2.38,7.04,1,430.7,15:07:14,R20
100072,17.62,6.89,0,711.4,10:14:30,R7
100073,144.06,7.55,0,297.1,02:45:08,R6
100074,0.63,7.99,1,213.2,20:47:56,R18
100075,0.28,7.04,1,587.6,23:09:09,R22
100076,2.22,6.96,1,532.4,17:20:07,R20
100077,0.15,8.1,1,134.0,19:58:19,R18
100078,0.94,7.04,1,539.2,09:19:51,R22
100079,0.47,6.96,1,128.8,02:56:53,R19
100080,6.13,9.62,0,141.0,02:07:57,R2
100081,3.23,6.61,0,472.8,11:21:27,R11
100082,15.92,8.34,0,1501.7,16:27:11,R4
100083,18.71,9.76,0,150.3,05:23:07,R2
100084,0.58,7.59,1,81.9,02:30:55,R18
100085,0.35,7.05,1,241.7,00:33:42,R19
100086,0.7,6.71,1,174.5,08:06:16,R17
100087,0.87,7.03,1,59.2,21:26:41,R19
100088,0.79,7.01,1,561.4,06:23:51,R22
100089,2.16,7.16,0,573.3,03:29:48,R12
100090,0.12,8.07,1,55.9,19:12:18,R18
100091,0.39,6.99,1,316.7,18:01:07,R22
100092,2.19,6.97,0,623.9,12:05:50,R9
100093,4.38,7.04,0,882.2,11:31:59,R9
100094,0.57,6.96,1,417.0,11:06:10,R22
100095,3.36,6.96,1,234.0,04:17:34,R21
100096,0.17,6.98,1,69.1,15:30:35,R19
100097,2.72,7.21,0,341.9,03:35:15,R12
100098,3.97,7.05,1,128.4,03:33:03,R21
100099,2.89,6.91,0,354.3,12:27:47,R11
100100,0.49,7.91,1,258.3,05:29:00,R18
100101,129.89,7.96,0,502.8,09:19:23,R6
100102,0.35,6.68,1,68.5,01:03:45,R17
100103,1.24,6.98,1,281.2,17:33:56,R21
100104,12.14,7.03,0,325.8,20:26:55,R10
100105,0.54,6.64,1,211.2,15:56:44,R17
100106,3.94,6.74,0,267.7,17:11:08,R15
100107,0.12,7.08,1,258.8,03:38:13,R18
100108,0.32,7.15,1,57.4,12:04:27,R18
100109,7.29,7.99,0,1304.4,23:18:12,R4
100110,108.97,7.41,0,497.0,14:46:29,R6
100111,5.91,6.68,0,665.9,10:11:23,R7
100112,0.72,6.73,1,278.2,06:26:03,R17
100113,3.02,6.99,1,453.2,14:17:05,R20
100114,13.29,5.15,0,473.4,15:29:43,R1
100115,12.67,8.41,0,1519.8,09:12:17,R4
100116,0.8,7.02,1,570.8,15:07:52,R22
100117,7.6,6.97,0,388.3,14:24:46,R10
100118,35.79,8.44,0,389.2,04:51:37,R5
100119,7.72,7.01,0,331.0,07:19:46,R10
100120,5.73,7.4,0,628.8,01:45:32,R8
100121,4.88,7.0,1,100.8,04:20:16,R21
100122,4.52,6.72,0,534.9,00:55:34,R11
100123,0.73,7.11,1,89.9,06:04:35,R18
100124,4.27,6.99,1,134.9,18:11:07,R21
100125,0.39,6.92,1,201.9,03:13:52,R17
100126,1.41,6.98,1,170.6,15:39:22,R21
100127,0.38,7.57,0,577.9,14:19:35,R14
100128,11.74,5.84,0,68.0,15:28:33,R1
100129,165.79,8.37,0,624.8,03:53:46,R6
100130,29.06,6.71,0,156.6,09:05:26,R5
100131,0.58,8.23,1,273.7,10:28:50,R18
100132,0.15,7.02,1,368.5,04:43:37,R22
100133,3.82,6.79,0,184.1,11:40:35,R15
100134,0.57,7.01,1,555.8,16:42:05,R22
100135,6.74,7.12,0,1042.4,22:08:39,R3
100136,12.34,8.3,0,775.9,03:50:59,R8
100137,38.13,6.76,0,397.9,03:51:51,R5
100138,0.68,7.65,0,528.8,08:28:21,R14
100139,22.32,6.66,0,716.2,20:05:02,R7
100140,0.18,7.55,0,418.7,11:44:50,R14
100141,3.52,7.04,1,240.2,04:51:23,R21
100142,36.43,7.57,0,275.1,06:53:36,R5
100143,0.73,6.99,1,353.8,16:20:07,R22
100144,17.77,7.04,0,369.6,08:22:58,R10
100145,1.63,7.02,1,105.1,23:02:29,R21
100146,0.88,8.89,0,50.7,17:21:04,R2
100147,1.07,8.16,0,1127.5,00:30:43,R3
100148,19.65,6.67,0,663.5,04:55:31,R7
100149,49.05,7.34,0,763.8,22:42:39,R5
100150,0.56,7.14,1,125.7,03:06:57,R18
100151,0.57,6.98,1,496.2,23:17:57,R22
100152,4.83,6.76,0,142.6,15:19:20,R15
100153,3.44,6.76,0,195.6,01:06:36,R15
100154,1.83,7.01,1,228.1,05:42:00,R21
100155,0.8,6.85,1,67.5,07:05:21,R17
100156,0.37,7.04,1,96.0,23:50:20,R19
100157,13.93,6.64,0,671.4,19:01:04,R7
100158,3.18,6.93,0,559.8,00:56:06,R11
100159,194.19,7.68,0,711.3,09:47:23,R6
100160,0.84,7.04,1,261.1,16:23:08,R19
100161,0.47,6.97,1,405.8,10:57:10,R22
100162,2.32,6.64,0,313.8,16:09:03,R11
100163,2.68,7.58,0,398.6,16:28:54,R12
100164,3.71,7.04,1,370.4,01:56:38,R20
100165,2.51,7.04,1,108.0,23:36:37,R21
100166,0.82,6.87,1,174.8,01:51:13,R17
100167,73.35,7.32,0,682.4,19:41:55,R5
100168,17.19,6.19,0,276.8,15:01:17,R1
100169,1.73,7.03,1,517.3,12:52:13,R20
100170,8.44,9.44,0,548.6,01:22:54,R2
100171,4.31,6.87,0,460.5,21:12:18,R11
100172,3.34,7.02,1,263.4,09:00:30,R21
100173,0.56,7.04,1,246.6,11:15:28,R19
100174,4.67,6.85,0,310.2,04:35:08,R11
100175,11.93,6.93,0,667.9,05:07:53,R7
100176,0.25,8.16,0,465.3,15:25:01,R14
100177,1.78,7.88,0,248.7,02:07:06,R16
100178,0.16,6.86,1,235.1,07:58:11,R17
100179,4.25,7.01,1,396.6,23:18:34,R20
100180,2.05,7.22,0,283.7,05:42:15,R16
100181,2.15,6.97,1,81.1,02:08:50,R21
100182,0.24,7.88,1,219.6,01:31:44,R18
100183,4.76,7.05,1,462.5,12:43:53,R20
100184,2.26,6.97,1,227.0,18:33:51,R21
100185,1.91,6.98,1,114.7,19:19:59,R21
100186,1.48,7.0,1,393.9,00:52:45,R20
100187,0.44,6.99,1,324.3,13:12:08,R22
100188,25.39,6.7,0,135.2,00:00:06,R5
100189,2.57,7.0,1,66.4,22:31:07,R21
100190,0.65,6.71,1,229.2,04:38:37,R17
100191,0.92,6.75,1,282.0,08:09:01,R17
100192,111.32,7.55,0,594.1,19:18:00,R6
100193,2.12,7.98,0,543.3,00:16:13,R12
100194,9.71,8.33,0,677.4,15:14:23,R8
100195,0.36,6.87,0,449.9,04:00:04,R13
100196,16.86,6.78,0,633.2,20:38:24,R7
100197,98.95,7.79,0,141.0,09:03:26,R5
100198,67.74,7.58,0,78.1,03:45:52,R5
100199,7.93,4.72,0,332.8,11:20:01,R1
100200,0.7,6.7,0,343.7,01:33:37,R13
100201,4.69,7.99,0,140.3,11:35:05,R16
100202,0.13,8.38,1,276.6,23:48:51,R18
100203,1.35,7.4,0,504.2,13:12:56,R12
100204,1.93,7.05,0,874.8,04:55:03,R9
100205,8.19,9.41,0,624.8,20:59:14,R2
100206,14.39,6.61,0,1453.6,17:40:48,R4
100207,2.04,7.6,0,541.3,22:40:38,R12
100208,30.02,7.27,0,746.3,08:45:12,R5
100209,10.51,7.49,0,874.6,16:31:22,R8
100210,6.85,6.39,0,332.5,16:04:20,R1
100211,4.66,6.69,0,476.0,23:07:54,R11
100212,0.26,6.89,1,127.0,01:46:19,R17
100213,0.71,7.55,1,112.3,14:15:25,R18
100214,18.85,4.68,0,236.6,07:49:58,R1
100215,2.13,8.15,0,191.0,03:37:55,R16
100216,2.5,7.04,0,755.2,13:24:55,R9
100217,6.59,7.02,0,456.1,20:24:09,R10
100218,65.85,6.67,0,292.4,22:39:26,R5
100219,107.06,6.71,0,453.6,20:58:26,R6
100220,0.18,6.81,1,271.2,02:23:15,R17
100221,1.89,7.03,1,232.6,07:30:44,R21
100222,8.41,5.39,0,268.5,16:59:14,R1
100223,1.25,8.21,0,197.7,11:24:01,R16
100224,0.4,7.02,1,317.1,17:17:37,R22
100225,1.19,6.3,0,308.8,15:28:03,R1
100226,4.12,7.04,1,346.6,17:57:58,R20
100227,0.26,8.29,0,390.6,18:31:38,R14
100228,2.65,7.03,1,414.1,02:41:07,R20
100229,2.61,6.99,0,1411.5,07:45:23,R4
100230,18.23,6.97,0,931.4,21:15:25,R3
100231,4.79,7.0,1,93.0,09:47:45,R21
100232,0.17,7.52,1,58.0,22:23:34,R18
100233,2.19,6.74,0,118.8,22:09:35,R15
100234,1.46,6.96,1,142.5,20:03:02,R21
100235,0.3,7.87,1,173.0,23:01:18,R18
100236,0.65,7.36,1,276.3,23:19:29,R18
100237,0.8,6.74,1,115.1,15:40:50,R17
100238,1.49,6.67,0,496.3,17:18:02,R11
100239,2.86,6.69,0,178.7,11:06:32,R15
100240,0.11,6.97,1,160.8,02:35:08,R19
100241,14.53,6.65,0,1108.6,10:16:04,R3
100242,0.59,6.97,1,485.2,15:09:52,R22
100243,9.54,7.62,0,1797.7,15:47:27,R4
100244,1.38,7.61,0,460.5,12:20:00,R12
100245,0.11,6.91,1,143.4,02:38:35,R17
100246,1.99,7.5,0,139.7,21:01:20,R16
100247,4.48,7.67,0,463.9,18:17:54,R12
100248,40.78,8.38,0,734.2,13:43:36,R5
100249,3.21,7.03,0,745.9,22:50:51,R9
100250,5.21,5.05,0,393.5,09:24:39,R1
100251,4.7,6.91,0,313.6,10:35:27,R11
100252,4.19,6.65,0,52.2,18:51:44,R15
100253,35.26,8.1,0,272.9,23:35:34,R5
100254,0.58,7.0,1,332.2,02:56:49,R22
100255,80.68,7.67,0,203.7,20:46:49,R5
100256,0.72,6.71,0,392.6,06:30:35,R13
100257,12.81,7.03,0,408.3,08:02:57,R10
100258,1.59,7.02,0,631.8,17:25:37,R9
100259,107.27,7.27,0,457.6,13:05:48,R6
100260,177.15,6.76,0,655.7,00:14:38,R6
100261,0.56,7.65,1,94.4,09:33:40,R18
100262,1.72,7.0,1,502.7,02:23:19,R20
100263,0.3,6.93,0,552.9,14:49:10,R13
100264,0.14,7.01,1,177.3,11:27:29,R19
100265,18.51,7.01,0,405.1,17:17:39,R10
100266,1.43,7.0,1,253.4,13:45:22,R21
100267,0.48,6.78,0,366.8,18:45:47,R13
100268,4.0,7.82,0,411.8,00:26:02,R12
100269,56.41,7.64,0,117.1,18:11:43,R5
100270,3.68,6.96,1,564.7,16:39:17,R20
100271,0.54,7.05,1,468.4,18:05:36,R22
100272,0.56,7.0,1,257.5,04:47:04,R19
100273,15.22,4.6,0,618.5,20:23:14,R1
100274,0.72,7.02,1,183.9,14:07:40,R19
100275,4.31,8.26,0,1341.9,19:11:54,R4
100276,0.29,7.02,1,438.2,12:33:19,R22
100277,18.63,6.97,0,472.6,10:22:36,R10
100278,2.93,7.04,1,261.8,21:55:10,R21
100279,14.45,8.33,0,1579.9,12:30:45,R4
100280,0.27,6.97,1,79.2,23:35:35,R19
100281,0.82,6.97,1,277.0,07:20:02,R19
100282,23.17,6.84,0,806.7,20:01:15,R7
100283,5.01,4.19,0,766.6,23:54:47,R1
100284,169.7,6.89,0,317.1,15:58:30,R6
100285,0.94,6.88,1,277.3,22:01:03,R17
100286,0.9,8.0,1,57.6,16:57:29,R18
100287,0.59,7.0,1,396.4,23:29:11,R22
100288,2.07,7.05,1,432.5,04:00:47,R20
100289,90.62,6.77,0,247.0,18:57:18,R5
100290,3.44,9.02,0,405.7,11:57:44,R2
100291,0.59,6.81,1,275.7,07:48:42,R17
100292,0.45,6.63,1,175.9,08:39:58,R17
100293,0.89,4.94,0,360.1,10:06:40,R1
100294,4.71,7.02,0,734.0,12:34:31,R9
100295,111.47,7.67,0,464.5,08:50:31,R6
100296,8.25,7.67,0,798.0,12:49:41,R8
100297,19.94,7.78,0,795.8,03:47:28,R8
100298,2.22,7.21,0,193.2,10:22:43,R16
100299,2.25,6.83,0,484.9,22:10:57,R11
100300,0.87,6.71,1,172.1,18:10:36,R17
100301,4.48,6.97,1,257.1,18:24:10,R21
100302,0.12,6.62,1,74.2,01:44:43,R17
100303,0.46,6.97,1,261.7,10:37:32,R19
100304,0.2,6.67,1,128.6,14:52:37,R17
100305,17.44,7.01,0,381.7,00:21:54,R10
100306,0.72,7.04,1,406.3,21:49:08,R22
100307,11.23,6.97,0,435.6,08:14:13,R10
100308,4.43,6.97,1,102.4,09:27:22,R21
100309,3.86,8.28,0,339.3,14:26:10,R12
100310,0.83,9.41,0,139.4,01:48:36,R2
100311,0.26,7.01,1,440.5,11:35:36,R22
100312,0.68,7.35,1,69.8,05:43:39,R18
100313,4.2,6.65,0,310.2,19:27:44,R11
100314,0.34,7.07,0,371.6,23:51:36,R14
100315,0.15,7.85,1,145.8,21:49:34,R18
100316,0.73,6.79,1,190.8,01:28:42,R17
100317,0.34,7.0,1,111.6,02:19:07,R19
100318,0.51,6.96,1,440.7,08:31:52,R22
100319,0.47,7.02,1,169.2,22:34:57,R19
100320,1.77,6.98,1,257.5,13:58:41,R21
100321,0.8,7.03,1,114.8,16:37:58,R19
100322,4.73,6.88,0,1587.6,09:24:04,R4
100323,0.86,6.72,1,224.2,16:45:39,R17
100324,0.93,7.11,1,259.2,10:33:40,R18
100325,4.02,6.98,1,366.9,21:36:50,R20
100326,3.72,7.05,0,378.5,06:15:55,R12
100327,0.69,7.05,1,82.7,16:55:32,R19
100328,2.79,7.01,0,646.1,05:01:37,R9
100329,107.85,7.67,0,54.4,21:58:50,R6
100330,4.89,6.72,0,387.6,07:43:48,R11
100331,2.51,7.05,1,128.4,10:02:54,R21
100332,0.55,6.71,0,380.6,12:07:14,R13
100333,2.49,6.79,0,177.1,12:50:31,R15
100334,4.55,7.03,1,188.7,20:49:28,R21
100335,2.92,7.01,1,312.8,21:53:45,R20
100336,0.71,6.88,0,360.8,08:21:24,R13
100337,4.72,6.64,0,105.9,11:03:07,R15
100338,2.69,6.96,1,330.4,17:28:37,R20
100339,1.27,7.01,1,569.4,15:42:09,R20
100340,0.67,7.03,1,239.2,19:37:20,R19
100341,0.24,6.83,1,51.2,02:50:36,R17
100342,0.36,6.97,1,58.0,05:03:15,R19
100343,0.31,6.86,1,58.8,14:15:55,R17
100344,4.39,7.02,1,514.1,09:33:46,R20
100345,0.3,6.72,0,1110.1,02:01:35,R3
100346,2.72,6.77,0,427.9,10:28:54,R11
100347,0.87,8.16,0,345.3,22:00:55,R14
100348,58.6,7.65,0,317.4,12:30:26,R5
100349,10.75,8.83,0,580.0,16:21:05,R2
100350,0.86,6.99,1,522.0,22:53:00,R22
100351,13.68,5.73,0,758.8,19:22:08,R1
100352,7.46,6.99,0,310.4,15:43:16,R10
100353,17.41,6.68,0,1079.1,22:13:48,R3
100354,7.63,7.12,0,1689.6,22:36:23,R4
100355,3.67,7.02,1,159.2,18:39:27,R21
100356,12.9,7.73,0,675.4,13:41:08,R8
100357,4.69,6.76,0,549.9,22:13:49,R11
100358,10.94,4.48,0,665.9,17:39:10,R1
100359,137.05,8.35,0,253.0,12:59:19,R6
100360,0.79,6.93,1,281.8,20:53:25,R17
100361,0.79,8.26,1,181.4,01:12:42,R18
100362,42.75,7.04,0,529.4,01:40:28,R5
100363,0.75,6.69,1,213.6,14:35:04,R17
100364,0.37,7.04,1,315.9,02:26:41,R22
100365,1.79,6.95,1,418.6,22:35:54,R20
100366,0.27,7.98,1,242.1,16:47:10,R18
100367,0.44,7.26,0,432.4,20:58:41,R14
100368,73.25,6.88,0,573.1,20:50:15,R5
100369,0.64,6.98,1,284.1,12:26:46,R19
100370,0.29,7.04,1,542.6,11:28:24,R22
100371,12.65,8.33,0,1429.7,21:02:42,R4
100372,1.26,9.64,0,221.2,18:34:26,R2
100373,0.21,8.36,1,229.9,08:36:22,R18
100374,2.61,6.98,1,91.6,01:20:10,R21
100375,0.5,7.02,1,125.4,08:05:48,R19
100376,6.02,7.85,0,844.0,00:23:45,R8
100377,1.21,7.05,1,539.9,23:53:12,R20
100378,2.35,6.96,1,119.4,12:46:14,R21
100379,5.78,4.02,0,422.2,21:55:22,R1
100380,0.13,8.22,1,186.9,23:01:49,R18
100381,0.91,7.05,1,501.6,15:45:41,R22
100382,0.79,6.94,1,257.7,19:08:34,R17
100383,17.24,5.69,0,431.7,22:15:01,R1
100384,7.66,7.96,0,828.0,22:34:44,R8
100385,0.66,6.99,1,355.1,00:06:28,R22
100386,2.67,7.03,1,464.8,02:36:29,R20
100387,0.56,7.5,1,145.6,20:06:33,R18
100388,3.25,6.96,1,144.3,13:29:01,R21
100389,62.83,7.28,0,173.2,09:57:50,R5
100390,66.06,8.03,0,149.4,10:51:21,R5
100391,0.25,7.02,1,94.4,22:14:02,R19
100392,5.57,6.81,0,1120.3,09:39:26,R3
100393,0.3,7.57,1,157.7,19:29:59,R18
100394,12.87,8.02,0,867.1,23:15:34,R8
100395,0.48,6.98,1,232.3,14:06:49,R19
100396,0.14,7.92,0,542.4,18:49:13,R14
100397,15.16,7.64,0,1254.8,03:31:41,R4
100398,3.44,6.98,1,499.6,00:22:55,R20
100399,2.43,6.99,1,214.5,10:01:07,R21
100400,3.01,5.57,0,194.0,03:37:58,R1
100401,5.33,6.77,0,735.1,06:51:38,R7
100402,0.53,7.06,0,377.6,23:17:11,R14
100403,1.72,7.71,0,397.9,20:09:01,R12
100404,3.75,6.84,0,426.0,04:52:24,R11
100405,4.8,8.2,0,407.0,11:17:27,R12
100406,65.91,7.31,0,742.5,18:04:16,R5
100407,0.44,7.01,1,123.3,04:19:32,R19
100408,9.21,6.88,0,665.2,21:53:07,R7
100409,0.39,8.29,1,133.1,22:22:08,R18
100410,0.27,7.05,1,54.4,13:39:57,R19
100411,3.39,7.03,1,420.1,15:54:38,R20
100412,1.75,7.04,1,574.3,07:00:50,R20
100413,0.23,7.03,1,353.1,11:09:49,R22
100414,11.79,8.17,0,824.7,22:50:32,R8
100415,0.36,7.87,0,1693.6,05:39:14,R4
100416,3.17,7.04,1,512.2,09:06:15,R20
100417,0.19,7.03,1,534.3,10:57:37,R22
100418,17.09,6.15,0,176.6,13:59:11,R1
100419,2.16,6.99,1,57.5,05:54:06,R21
100420,2.17,7.86,0,404.4,03:01:41,R12
100421,0.71,7.03,1,245.1,17:30:49,R19
100422,10.97,9.88,0,507.8,04:57:08,R2
100423,17.83,7.04,0,507.5,16:28:11,R10
100424,0.28,7.93,1,249.1,22:14:51,R18
100425,0.43,6.72,1,191.6,13:33:53,R17
100426,8.95,9.15,0,506.2,07:38:10,R2
100427,10.11,6.74,0,1610.7,01:22:58,R4
100428,0.15,8.04,1,69.6,22:17:18,R18
100429,0.64,6.99,1,75.4,15:55:23,R19
100430,2.62,6.98,0,723.9,17:13:07,R9
100431,0.19,7.9,1,273.7,07:11:26,R18
100432,55.08,7.24,0,63.6,13:11:58,R5
100433,9.83,9.95,0,383.6,14:43:22,R2
100434,11.06,4.23,0,519.3,04:45:23,R1
100435,18.38,7.0,0,545.3,10:14:59,R10
100436,0.89,6.73,1,53.7,09:26:18,R17
100437,1.28,6.98,1,156.5,01:13:31,R21
100438,2.56,7.0,1,368.5,21:31:39,R20
100439,7.6,8.62,0,772.8,22:43:48,R2
100440,0.62,7.85,0,335.3,22:21:05,R14
100441,4.42,7.0,1,148.9,09:50:14,R21
100442,165.54,7.66,0,445.7,03:16:20,R6
100443,6.38,7.33,0,1006.3,17:26:41,R3
100444,0.16,7.02,1,494.3,06:17:53,R22
100445,0.79,8.23,1,225.7,17:35:28,R18
100446,0.25,6.61,0,366.3,07:45:20,R13
100447,0.11,6.96,1,67.1,12:23:52,R19
100448,0.53,7.03,1,350.7,22:45:59,R22
100449,2.78,6.68,0,568.2,06:09:16,R11
100450,14.36,7.08,0,667.5,01:01:15,R8
100451,70.54,8.01,0,617.7,16:18:21,R5
100452,2.31,7.02,1,347.6,08:06:26,R20
100453,0.37,6.92,1,71.9,17:11:15,R17
100454,0.71,6.95,1,70.4,21:01:56,R19
100455,0.59,6.93,1,183.6,02:41:50,R17
100456,3.35,7.91,0,1137.9,12:02:28,R3
100457,8.1,9.15,0,88.4,08:19:15,R2
100458,4.31,8.26,0,449.4,06:53:39,R12
100459,15.15,8.91,0,294.7,13:47:37,R2
100460,3.93,6.98,1,314.0,18:00:09,R20
100461,1.35,8.37,0,385.1,09:31:56,R12
100462,175.02,6.77,0,360.2,07:29:45,R6
100463,0.3,6.68,1,220.9,02:03:43,R17
100464,5.92,7.37,0,1790.5,08:01:18,R4
100465,0.62,6.7,1,58.9,00:14:35,R17
100466,0.37,8.21,1,252.7,11:48:34,R18
100467,1.78,7.01,1,116.1,05:34:44,R21
100468,18.31,7.86,0,1082.7,20:50:13,R3
100469,0.37,7.01,1,514.0,21:44:21,R22
100470,1.57,8.0,0,436.3,02:34:54,R12
100471,16.18,6.8,0,1132.2,17:44:28,R3
100472,0.21,6.96,1,231.3,10:09:30,R19
100473,2.48,7.59,0,253.0,13:16:04,R16
100474,3.64,8.21,0,124.1,11:24:11,R16
100475,2.64,7.03,1,488.1,08:37:38,R20
100476,13.53,8.07,0,671.3,19:56:12,R8
100477,5.87,7.64,0,938.4,05:12:22,R3
100478,21.5,6.71,0,837.4,15:35:15,R7
100479,10.8,6.69,0,1289.9,05:46:57,R4
100480,0.73,7.22,1,130.4,07:22:28,R18
100481,3.31,7.5,0,435.8,12:34:27,R12
100482,4.4,8.3,0,122.8,20:42:37,R16
100483,3.78,7.04,1,541.7,06:15:13,R20
100484,0.65,6.97,1,198.7,22:39:51,R19
100485,2.84,7.01,1,349.0,05:43:42,R20
100486,0.77,7.02,1,562.1,05:51:52,R22
100487,0.41,6.65,1,120.1,21:10:39,R17
100488,1.94,7.01,1,483.8,19:16:53,R20
100489,0.89,8.36,1,262.1,08:54:55,R18
100490,1.74,7.03,1,471.9,10:36:33,R20
100491,196.15,7.24,0,117.3,02:29:58,R6
100492,13.59,5.76,0,606.5,18:33:04,R1
100493,0.93,7.01,1,161.3,16:37:40,R19
100494,1.34,7.05,1,417.6,20:59:21,R20
100495,22.56,7.17,0,635.5,12:24:15,R8
100496,2.53,6.96,1,55.4,12:55:49,R21
100497,0.75,8.09,1,252.7,23:04:10,R18
100498,0.75,6.64,1,175.3,17:46:29,R17
100499,0.5,8.15,0,319.2,03:55:26,R14
100500,2.98,8.35,0,314.2,16:24:53,R12
100501,14.87,6.97,0,503.0,22:11:34,R10
100502,4.73,6.76,0,330.3,08:11:29,R11
100503,7.58,6.82,0,693.5,23:39:27,R7
100504,3.01,6.99,0,804.3,22:38:10,R9
100505,0.5,7.0,1,319.1,18:15:16,R22
100506,7.45,7.7,0,747.3,01:42:55,R8
100507,3.55,7.04,1,374.0,00:33:38,R20
100508,0.94,7.04,1,169.3,09:23:53,R19
100509,3.75,7.02,0,664.9,17:27:27,R9
100510,4.16,6.7,0,244.2,04:45:12,R15
100511,19.6,7.91,0,1604.6,12:56:52,R4
100512,4.84,7.62,0,560.6,20:51:44,R12
100513,22.11,8.13,0,679.2,00:43:20,R8
100514,2.47,7.04,1,273.0,08:37:18,R21
100515,0.93,6.95,1,107.9,15:08:15,R19
100516,0.14,6.78,1,192.2,01:17:23,R17
100517,15.51,6.67,0,907.5,21:55:25,R3
100518,175.68,8.02,0,720.1,05:49:56,R6
100519,0.25,6.99,1,354.9,13:04:42,R22
100520,170.68,8.27,0,108.4,12:21:12,R6
100521,0.38,7.71,0,583.1,22:05:12,R14
100522,4.57,7.0,1,197.6,15:05:24,R21
100523,0.46,7.02,1,471.1,08:51:24,R22
100524,0.11,8.0,1,184.3,14:22:53,R18
100525,0.21,6.69,1,158.1,03:33:24,R17
100526,7.92,4.75,0,631.6,17:28:45,R1
100527,4.58,7.92,0,1195.2,08:14:08,R3
100528,0.53,6.92,1,172.7,12:59:57,R17
100529,0.56,6.74,0,579.9,11:33:35,R13
100530,181.15,8.4,0,251.0,10:12:38,R6
100531,194.13,7.72,0,591.1,06:13:05,R6
100532,0.16,7.01,1,450.1,07:16:19,R22
100533,3.31,7.02,1,584.7,16:12:00,R20
100534,3.97,6.97,1,263.7,11:42:43,R21
100535,11.91,6.9,0,1610.1,07:50:32,R4
100536,0.78,8.29,1,198.0,15:14:13,R18
100537,2.15,7.01,1,324.3,10:03:07,R20
100538,6.92,8.75,0,712.8,06:47:34,R2
100539,0.54,6.99,1,194.1,18:16:21,R19
100540,0.89,7.02,1,240.9,10:32:32,R19
100541,0.55,6.98,1,420.5,16:56:43,R22
100542,0.25,8.0,1,272.1,09:49:44,R18
100543,0.83,7.44,1,216.8,04:10:55,R18
100544,2.96,7.33,0,131.7,13:34:16,R16
100545,0.91,6.97,1,337.6,14:58:07,R22
100546,1.55,6.85,0,1185.1,08:51:34,R3
100547,0.62,6.68,1,77.6,19:54:08,R17
100548,10.12,4.42,0,282.7,19:57:07,R1
100549,0.18,7.05,1,323.6,05:10:31,R22
100550,2.48,7.01,1,341.9,11:44:41,R20
100551,2.88,7.69,0,1158.3,19:16:59,R3
100552,14.98,8.28,0,874.1,05:15:54,R8
100553,0.31,6.97,1,267.5,01:30:51,R19
100554,3.56,8.18,0,435.5,11:00:06,R12
100555,1.33,9.31,0,626.6,10:11:16,R2
100556,0.9,6.99,1,71.0,21:32:10,R19
100557,0.26,6.88,1,229.6,22:38:38,R17
100558,3.65,6.95,1,444.6,23:54:53,R20
100559,4.13,7.03,1,584.7,19:14:51,R20
100560,0.9,8.11,0,439.5,07:23:11,R14
100561,0.34,8.27,1,151.2,08:46:27,R18
100562,12.05,9.35,0,473.3,22:53:54,R2
100563,4.83,7.01,1,552.4,22:34:06,R20
100564,0.54,7.05,1,98.9,17:34:03,R19
100565,3.54,7.01,1,211.2,17:12:50,R21
100566,2.57,7.05,1,263.5,18:14:35,R21
100567,0.17,6.86,1,140.3,10:31:41,R17
100568,0.88,7.0,1,443.0,22:26:26,R22
100569,3.32,6.81,0,163.1,18:11:33,R15
100570,2.56,8.95,0,385.0,20:44:09,R2
100571,0.42,6.96,1,246.2,08:44:58,R19
100572,3.37,7.21,0,452.7,02:31:49,R12
100573,2.5,6.98,1,102.8,22:52:28,R21
100574,88.18,6.9,0,232.6,03:12:32,R5
100575,0.2,6.97,1,84.1,11:32:00,R19
100576,4.98,6.93,0,1588.8,16:57:58,R4
100577,0.53,6.96,1,405.0,18:20:25,R22
100578,112.69,6.82,0,446.1,01:56:45,R6
100579,47.66,8.19,0,166.1,23:42:39,R5
100580,0.82,6.72,0,474.6,12:38:05,R13
100581,5.36,6.96,0,519.0,21:43:02,R10
100582,0.43,6.87,0,1256.1,14:52:41,R4
100583,6.43,9.66,0,261.4,10:50:31,R2
100584,0.91,7.64,1,120.7,13:36:49,R18
100585,0.2,7.01,1,133.9,21:50:59,R19
100586,16.55,6.68,0,1009.0,10:08:35,R3
100587,0.86,7.89,1,178.0,16:39:43,R18
100588,0.22,6.64,1,86.5,12:15:23,R17
100589,3.84,6.99,1,564.1,13:21:50,R20
100590,0.45,7.03,1,437.2,10:43:30,R22
100591,16.04,7.68,0,1750.1,20:22:46,R4
100592,14.47,8.12,0,779.1,23:51:49,R8
100593,140.79,6.74,0,794.6,17:26:29,R6
100594,0.59,6.96,1,559.3,06:50:46,R22
100595,104.78,7.57,0,755.5,00:06:32,R6
100596,1.31,8.29,0,162.9,11:32:43,R16
100597,0.9,6.99,1,197.1,00:01:36,R19
100598,8.87,4.86,0,440.4,22:45:36,R1
100599,4.32,6.99,1,385.7,01:23:08,R20
100600,1.73,7.01,1,171.3,22:38:02,R21
100601,3.34,7.24,0,127.3,15:02:48,R16
100602,0.72,6.7,0,376.1,07:42:12,R13
100603,1.81,6.96,1,54.6,03:49:01,R21
100604,18.35,7.6,0,786.2,17:42:00,R8
100605,0.57,6.77,1,63.8,02:22:52,R17
100606,44.44,8.43,0,333.0,07:50:06,R5
100607,13.01,4.49,0,665.2,23:55:01,R1
100608,16.54,7.03,0,446.8,15:51:33,R10
100609,4.34,7.65,0,447.4,21:20:55,R12
100610,3.65,7.01,1,139.3,15:17:38,R21
100611,0.61,7.58,1,165.2,23:33:16,R18
100612,0.84,6.73,1,118.6,23:50:40,R17
100613,64.49,7.31,0,325.5,16:36:17,R5
100614,2.82,7.05,1,472.9,09:04:32,R20
100615,19.1,7.34,0,1192.0,14:05:31,R3
100616,4.81,7.65,0,474.0,03:35:19,R12
100617,0.21,6.68,1,68.2,09:58:15,R17
100618,50.47,7.4,0,631.9,23:55:54,R5
100619,189.63,7.38,0,723.9,17:53:17,R6
100620,2.45,6.66,0,195.5,12:46:48,R15
100621,0.66,6.93,0,415.6,06:43:57,R13
100622,0.22,7.02,1,540.9,21:23:37,R22
100623,142.02,7.66,0,339.8,18:09:25,R6
100624,9.77,8.49,0,1488.1,11:52:27,R4
100625,9.75,9.37,0,605.5,23:36:40,R2
100626,4.61,7.98,0,336.8,14:19:29,R12
100627,0.41,7.04,1,289.1,00:29:36,R19
100628,0.7,6.96,1,524.6,00:48:31,R22
100629,39.94,6.7,0,689.4,11:49:02,R5
100630,0.2,6.98,1,259.5,18:25:26,R19
100631,0.25,6.99,1,463.5,03:04:23,R22
100632,1.58,7.02,1,522.5,19:08:47,R20
100633,1.72,8.26,0,63.9,13:33:51,R16
100634,2.84,7.74,0,249.0,11:42:15,R16
100635,0.15,6.82,1,129.4,04:21:43,R17
100636,5.54,7.6,0,1106.0,14:00:19,R3
100637,12.38,8.83,0,334.8,14:42:08,R2
100638,3.98,9.77,0,229.9,17:38:05,R2
100639,0.6,6.96,1,339.5,06:06:05,R22
100640,43.09,6.72,0,399.3,19:04:48,R5
100641,4.35,6.99,1,540.2,12:25:38,R20
100642,0.86,6.87,1,275.5,22:44:54,R17
100643,186.18,6.82,0,477.6,02:28:29,R6
100644,0.41,6.6,0,494.0,10:15:08,R13
100645,0.36,7.03,1,197.7,01:32:21,R19
100646,0.44,6.98,1,141.2,16:14:45,R19
100647,0.23,6.97,1,145.8,15:23:18,R19
100648,0.58,7.02,1,281.2,23:51:13,R19
100649,19.51,8.19,0,1191.4,16:36:46,R3
100650,7.55,7.0,0,543.2,06:25:15,R10
100651,0.76,6.96,1,197.6,10:52:06,R19
100652,3.76,7.03,1,115.3,14:27:07,R21
100653,174.09,8.13,0,471.4,17:31:48,R6
100654,0.72,7.03,1,343.6,22:25:16,R22
100655,22.47,6.63,0,753.2,03:00:41,R7
100656,1.59,6.97,1,453.5,08:36:43,R20
100657,0.75,7.04,1,202.7,05:48:21,R19
100658,0.18,7.02,1,179.8,11:22:29,R19
100659,0.75,6.64,1,84.3,14:24:43,R17
100660,19.63,5.91,0,131.5,23:29:23,R1
100661,0.92,6.95,1,583.9,18:50:02,R22
100662,0.15,6.6,1,162.5,02:08:50,R17
100663,3.02,6.14,0,623.5,17:53:56,R1
100664,1.94,7.01,1,577.7,01:38:55,R20
100665,0.11,6.61,0,336.5,06:47:08,R13
100666,0.5,8.36,1,276.6,19:19:22,R18
100667,3.04,7.03,1,443.4,15:17:58,R20
100668,4.46,6.86,0,383.4,01:14:01,R11
100669,11.8,6.95,0,1234.2,06:22:59,R4
100670,0.3,7.04,1,393.2,15:34:51,R22
100671,10.41,8.72,0,779.3,16:07:54,R2
100672,1.19,7.37,0,1198.6,10:00:52,R3
100673,14.21,6.97,0,382.0,18:34:14,R10
100674,2.95,7.01,1,87.6,14:52:14,R21
100675,3.32,8.29,0,61.8,20:18:27,R16
100676,33.02,6.96,0,325.0,09:11:04,R5
100677,0.34,7.04,1,267.5,10:17:18,R19
100678,2.22,6.89,0,152.0,19:05:39,R15
100679,1.29,6.99,0,792.0,04:55:24,R9
100680,3.56,7.01,1,197.2,04:55:53,R21
100681,0.15,6.69,0,345.6,19:13:39,R13
100682,0.15,7.04,1,175.1,01:21:29,R19
100683,2.7,7.03,1,570.2,04:57:46,R20
100684,0.43,6.79,1,276.0,04:26:48,R17
100685,4.39,6.81,0,116.5,17:06:49,R15
100686,0.17,6.95,1,585.1,08:40:46,R22
100687,123.29,8.12,0,431.4,03:49:27,R6
100688,16.92,6.95,0,401.5,23:12:15,R10
100689,0.38,7.4,1,207.6,03:53:34,R18
100690,1.8,6.96,1,72.2,19:46:36,R21
100691,0.16,8.32,1,215.1,22:36:36,R18
100692,16.41,6.34,0,731.9,20:34:10,R1
100693,20.63,7.04,0,325.4,14:46:46,R10
100694,7.66,8.15,0,761.7,10:59:10,R8
100695,0.59,6.96,1,329.9,06:37:18,R22
100696,16.9,8.66,0,378.4,18:45:21,R2
100697,143.03,8.2,0,797.6,19:17:01,R6
100698,2.22,6.97,1,187.4,19:22:40,R21
100699,23.4,6.82,0,654.6,11:31:15,R7
100700,0.28,8.26,1,105.2,09:53:05,R18
100701,3.07,7.0,1,317.7,00:38:54,R20
100702,0.66,6.97,1,264.6,03:11:09,R19
100703,3.73,7.04,1,245.4,03:03:51,R21
100704,2.4,7.01,0,802.5,22:44:48,R9
100705,5.65,7.7,0,985.2,23:29:07,R3
100706,13.53,6.15,0,425.0,03:38:35,R1
100707,3.55,6.98,1,275.4,00:25:09,R21
100708,12.06,7.26,0,661.2,02:08:51,R8
100709,0.43,6.89,0,586.7,12:51:22,R13
100710,0.7,7.03,1,237.7,10:22:00,R19
100711,2.26,6.96,1,238.1,09:03:20,R21
100712,35.29,8.01,0,592.5,00:57:12,R5
100713,0.27,6.96,1,238.7,12:41:04,R19
100714,6.76,8.44,0,1182.5,15:06:33,R3
100715,61.45,8.09,0,382.0,11:03:35,R5
100716,0.15,6.97,1,272.5,22:03:56,R19
100717,15.46,8.4,0,1443.9,00:17:33,R4
100718,2.73,6.67,0,97.3,05:47:13,R15
100719,0.34,6.78,1,62.4,09:21:35,R17
100720,4.65,8.37,0,75.9,01:19:40,R16
100721,0.68,7.02,1,172.9,13:34:38,R19
100722,0.61,6.72,1,286.8,04:30:46,R17
100723,142.44,8.41,0,337.7,23:19:25,R6
100724,15.37,6.89,0,710.8,17:36:41,R7
100725,13.05,7.0,0,499.0,08:03:53,R10
100726,0.33,7.97,1,157.0,21:00:07,R18
100727,18.92,7.47,0,772.7,02:21:08,R8
100728,0.27,6.95,1,235.3,05:40:39,R17
100729,0.6,6.98,1,321.3,12:31:04,R22
100730,90.44,7.83,0,179.3,17:40:41,R5
100731,2.7,7.02,0,770.3,12:04:57,R9
100732,5.76,6.22,0,199.4,06:44:06,R1
100733,68.43,8.08,0,342.7,04:27:48,R5
100734,2.75,6.81,0,193.8,10:34:02,R15
100735,13.83,9.56,0,69.0,00:36:03,R2
100736,19.58,8.65,0,326.2,21:00:41,R2
100737,4.11,6.99,1,355.6,17:17:02,R20
100738,4.24,7.0,1,250.7,12:29:39,R21
100739,0.37,7.05,1,238.9,03:22:34,R19
100740,2.51,6.86,0,490.5,15:07:20,R11
100741,95.0,6.79,0,357.9,18:10:09,R5
100742,18.9,7.0,0,466.9,21:53:53,R10
100743,1.44,7.02,0,680.0,06:56:09,R9
100744,27.53,6.72,0,190.5,23:24:52,R5
100745,2.28,7.04,1,59.6,20:01:20,R21
100746,4.39,7.02,1,236.5,20:42:19,R21
100747,12.59,6.79,0,694.9,09:20:19,R7
100748,0.17,6.68,1,199.5,18:15:26,R17
100749,0.17,6.82,1,74.3,17:12:36,R17
100750,18.96,9.82,0,185.5,06:50:55,R2
100751,3.51,6.99,1,474.0,13:08:09,R20
100752,2.09,6.91,0,1379.7,15:56:13,R4
100753,0.48,6.99,1,370.6,04:23:57,R22
100754,2.94,6.99,0,726.4,20:29:18,R9
100755,0.53,6.71,1,229.4,08:01:05,R17
100756,23.95,6.97,0,313.3,19:24:29,R10
100757,2.36,8.26,0,143.4,02:18:38,R16
100758,2.52,6.87,0,450.1,07:46:17,R11
100759,0.52,6.99,1,192.7,22:41:48,R19
100760,1.76,7.03,1,493.3,03:58:16,R20
100761,126.89,6.84,0,447.2,03:09:32,R6
100762,1.79,6.98,1,88.3,19:43:28,R21
100763,21.59,7.02,0,313.6,06:31:56,R10
100764,0.78,6.67,0,538.5,09:40:31,R13
100765,2.69,8.02,0,154.9,12:37:01,R16
100766,6.27,7.04,0,1047.6,08:04:17,R3
100767,0.31,7.16,1,194.8,09:42:50,R18
100768,15.98,9.6,0,486.6,12:39:06,R2
100769,100.91,8.31,0,744.6,20:21:12,R6
100770,4.82,7.0,0,655.0,21:14:02,R9
100771,2.17,6.66,0,375.4,14:26:17,R11
100772,5.7,7.0,0,1343.4,00:36:00,R4
100773,2.57,6.99,1,66.5,11:51:49,R21
100774,0.94,7.19,1,108.1,07:49:12,R18
100775,0.47,8.22,1,188.9,20:13:53,R18
100776,4.52,7.03,1,316.6,16:22:17,R20
100777,0.66,6.91,1,111.9,19:00:14,R17
100778,0.62,6.97,1,155.7,11:25:53,R19
100779,3.81,7.01,1,109.6,21:21:02,R21
100780,44.17,7.07,0,329.2,16:29:07,R5
100781,2.8,6.65,0,261.3,05:47:42,R15
100782,0.34,9.07,0,740.4,12:20:33,R2
100783,0.37,7.02,1,240.4,08:12:44,R19
100784,11.98,5.44,0,718.0,23:11:29,R1
100785,21.36,8.01,0,624.6,23:24:49,R8
100786,0.63,7.04,1,360.7,03:57:26,R22
100787,4.17,7.02,1,540.3,08:22:43,R20
100788,4.16,9.11,0,668.0,11:02:55,R2
100789,3.79,7.03,1,196.3,12:52:02,R21
100790,0.65,7.01,1,165.4,22:53:59,R19
100791,182.76,6.67,0,606.0,00:36:58,R6
100792,2.02,8.47,0,916.0,11:53:48,R3
100793,4.28,7.01,1,187.2,10:08:08,R21
100794,102.58,6.85,0,328.9,03:33:13,R6
100795,0.63,7.24,1,169.7,08:39:49,R18
100796,4.51,6.98,1,138.4,23:47:04,R21
100797,74.45,7.11,0,576.8,20:15:21,R5
100798,0.68,6.91,1,192.5,23:14:44,R17
100799,2.17,6.66,0,111.1,06:35:55,R15
100800,3.17,6.65,0,220.4,08:29:52,R15
100801,2.0,6.98,1,108.0,01:13:20,R21
100802,3.9,7.01,1,406.1,18:07:27,R20
100803,34.59,7.21,0,729.4,22:09:52,R5
100804,0.92,6.73,1,283.2,01:42:27,R17
100805,0.2,7.23,0,396.6,23:31:47,R14
100806,0.12,6.77,0,385.8,07:51:00,R13
100807,0.38,7.0,1,570.1,11:24:46,R22
100808,2.23,7.05,1,155.5,14:36:01,R21
100809,0.72,7.99,1,131.6,06:50:08,R18
100810,6.9,8.27,0,1779.4,01:52:28,R4
100811,0.92,7.03,1,54.3,07:39:47,R19
100812,0.51,7.02,1,480.8,23:32:51,R22
100813,0.6,7.72,0,570.8,05:52:40,R14
100814,2.66,7.22,0,285.2,11:33:18,R16
100815,13.28,6.38,0,296.6,13:08:30,R1
100816,0.66,7.0,1,202.9,02:40:08,R19
100817,3.15,6.93,0,461.9,13:52:13,R11
100818,4.59,9.66,0,405.6,16:59:12,R2
100819,0.12,6.98,1,56.3,20:19:52,R19
100820,3.64,7.03,1,525.3,19:51:39,R20
100821,0.56,6.61,1,161.7,05:19:23,R17
100822,1.23,7.05,1,74.5,02:45:06,R21
100823,16.89,4.0,0,736.3,21:30:23,R1
100824,0.94,7.24,1,250.4,15:05:58,R18
100825,6.13,7.2,0,926.9,03:36:44,R3
100826,2.48,7.02,1,382.8,20:32:47,R20
100827,18.46,9.96,0,595.7,03:42:13,R2
100828,4.17,6.96,1,143.1,11:27:48,R21
100829,0.61,6.96,1,102.9,11:44:45,R19
100830,13.69,7.62,0,1606.3,13:23:32,R4
100831,0.19,7.51,1,247.1,05:56:41,R18
100832,0.15,7.02,1,371.2,13:53:09,R22
100833,0.29,7.03,1,456.6,10:07:07,R22
100834,0.59,6.96,1,223.8,23:46:44,R19
100835,12.12,6.99,0,565.9,06:54:24,R10
100836,0.53,6.71,1,152.1,20:15:17,R17
100837,19.95,7.81,0,1002.6,11:08:36,R3
100838,23.01,8.08,0,871.1,07:53:48,R8
100839,160.05,8.44,0,717.4,04:22:25,R6
100840,3.47,6.91,0,365.0,07:54:36,R11
100841,0.35,6.66,0,458.4,10:11:36,R13
100842,0.33,6.99,1,498.0,14:19:46,R22
100843,1.12,7.8,0,1055.6,08:31:55,R3
100844,8.85,8.09,0,620.9,06:49:53,R8
100845,67.16,7.57,0,445.3,12:11:49,R5
100846,0.92,7.01,1,111.6,17:59:52,R19
100847,0.71,7.72,1,183.3,00:34:52,R18
100848,0.25,6.71,0,354.1,15:00:05,R13
100849,1.24,7.0,1,349.8,03:51:59,R20
100850,2.85,4.64,0,215.5,09:01:12,R1
100851,17.2,6.83,0,805.5,21:11:30,R7
100852,2.94,6.68,0,161.3,12:40:40,R15
100853,7.8,6.99,0,406.0,07:38:30,R10
100854,1.77,7.04,1,406.8,12:48:40,R20
100855,0.91,7.04,1,491.7,17:45:52,R22
100856,2.78,6.68,0,95.1,19:03:10,R15
100857,0.51,8.09,1,146.5,14:20:02,R18
100858,0.71,6.99,1,152.8,05:56:25,R19
100859,47.95,7.05,0,762.0,05:53:50,R5
100860,0.48,7.75,0,523.8,04:41:18,R14
100861,19.69,9.26,0,161.0,15:28:37,R2
100862,3.78,6.97,1,68.5,18:09:56,R21
100863,73.43,7.14,0,235.6,22:16:30,R5
100864,0.13,8.04,1,101.6,14:27:51,R18
100865,3.12,6.99,0,647.9,20:01:38,R9
100866,1.38,6.99,1,368.6,19:17:39,R20
100867,4.95,8.47,0,1612.0,14:38:20,R4
100868,14.1,7.77,0,1668.9,13:08:01,R4
100869,3.58,7.49,0,222.9,20:13:50,R16
100870,15.9,8.09,0,1045.3,18:02:45,R3
100871,0.93,7.56,0,435.6,02:52:41,R14
100872,0.95,6.98,1,210.7,07:53:24,R19
100873,0.85,7.82,1,227.2,10:40:21,R18
100874,0.74,6.98,1,268.6,09:06:10,R19
100875,12.13,5.8,0,433.3,15:50:09,R1
100876,4.01,7.01,1,454.7,08:00:09,R20
100877,0.6,6.99,1,410.2,07:30:48,R22
100878,1.15,9.34,0,244.2,14:43:15,R2
100879,6.98,4.24,0,579.8,06:21:49,R1
100880,3.13,7.04,1,578.8,23:14:24,R20
100881,0.74,6.9,1,153.0,10:51:45,R17
100882,0.41,6.99,1,85.1,06:08:59,R19
100883,12.46,4.87,0,331.1,19:03:43,R1
100884,0.32,7.94,0,548.7,05:34:12,R14
100885,0.29,7.72,1,69.5,00:48:32,R18
100886,4.49,6.83,0,152.4,18:59:11,R15
100887,3.69,9.26,0,650.7,05:07:18,R2
100888,9.59,7.42,0,1060.6,21:34:25,R3
100889,2.53,6.98,1,467.9,10:02:21,R20
100890,0.86,6.95,1,205.4,16:54:02,R19
100891,9.42,6.96,0,343.4,17:43:54,R10
100892,0.27,6.65,1,240.9,06:39:29,R17
100893,4.18,6.91,0,89.5,14:56:28,R15
100894,0.9,6.89,0,338.9,04:31:36,R13
100895,2.18,6.78,0,1286.3,02:29:19,R4
100896,1.17,6.49,0,224.5,12:25:54,R1
100897,4.76,6.78,0,195.4,20:43:07,R15
100898,13.14,7.2,0,938.3,10:51:28,R3
100899,2.76,7.02,1,547.6,02:23:54,R20
100900,23.58,6.77,0,726.5,22:17:49,R7
100901,0.82,6.87,1,276.7,23:59:56,R17
100902,2.55,7.15,0,276.4,17:01:10,R16
100903,0.21,7.0,1,589.0,16:13:25,R22
100904,13.44,7.02,0,581.9,05:31:55,R10
100905,0.84,7.02,1,275.2,10:30:50,R19
100906,0.39,6.96,1,478.3,12:15:23,R22
100907,1.58,7.02,1,398.6,14:30:32,R20
100908,4.66,6.98,1,250.3,18:53:18,R21
100909,1.81,7.92,0,562.4,23:01:52,R12
100910,22.68,8.24,0,757.6,01:35:52,R8
100911,10.2,6.2,0,429.1,08:57:00,R1
100912,0.65,6.91,1,237.2,18:32:17,R17
100913,0.36,7.02,1,173.0,06:43:57,R19
100914,0.48,7.21,0,504.5,10:40:43,R14
100915,6.9,9.67,0,658.9,14:37:41,R2
100916,0.16,8.09,1,75.6,10:00:22,R18
100917,3.04,7.03,1,386.0,00:45:56,R20
100918,0.87,6.96,1,477.8,02:24:11,R22
100919,16.62,7.05,0,1576.8,08:15:35,R4
100920,7.32,6.91,0,701.9,19:12:42,R7
100921,0.87,7.23,1,221.8,05:37:22,R18
100922,0.67,6.98,1,267.7,13:04:57,R19
100923,0.18,6.99,1,376.3,13:21:38,R22
100924,0.79,6.62,1,257.5,12:28:42,R17
100925,3.84,6.63,0,419.6,13:00:22,R11
100926,2.25,6.96,0,758.9,02:29:21,R9
100927,10.3,5.08,0,139.4,13:07:47,R1
100928,3.75,7.01,1,200.8,07:09:46,R21
100929,0.12,6.71,1,252.8,08:27:41,R17
100930,9.81,7.87,0,1468.9,04:15:06,R4
100931,0.62,7.01,1,178.1,16:31:25,R19
100932,0.58,6.97,1,53.0,05:13:57,R19
100933,127.79,7.92,0,793.0,17:35:27,R6
100934,16.46,6.75,0,735.7,11:40:38,R7
100935,166.93,6.74,0,237.8,09:48:01,R6
100936,105.29,7.95,0,324.7,06:21:00,R6
100937,0.88,6.99,1,416.1,18:58:32,R22
100938,13.02,6.03,0,60.4,04:38:17,R1
100939,154.51,8.15,0,747.4,01:52:20,R6
100940,45.89,7.87,0,252.1,12:32:45,R5
100941,0.49,6.74,1,204.4,23:35:43,R17
100942,0.95,6.96,1,172.3,16:54:06,R19
100943,126.83,8.4,0,625.1,21:44:58,R6
100944,3.29,7.99,0,150.3,10:39:58,R16
100945,0.21,7.02,1,287.9,11:13:46,R19
100946,4.44,8.2,0,108.1,17:38:29,R16
100947,5.61,9.52,0,378.3,03:20:04,R2
100948,4.72,7.02,1,69.5,08:15:01,R21
100949,4.0,8.28,0,237.3,13:48:41,R16
100950,0.39,6.99,1,513.9,14:51:44,R22
100951,3.39,7.04,1,190.0,08:24:52,R21
100952,0.5,7.31,1,58.8,22:47:52,R18
100953,0.39,6.95,1,515.6,23:35:53,R22
100954,0.4,7.58,1,119.3,17:21:44,R18
100955,8.76,7.81,0,925.3,23:20:24,R3
100956,3.84,6.98,1,401.1,16:09:07,R20
100957,8.28,7.73,0,1732.0,10:47:10,R4
100958,3.74,6.76,0,147.9,17:33:50,R15
100959,117.11,7.05,0,753.8,09:46:01,R6
100960,8.2,6.7,0,688.5,01:06:13,R7
100961,2.75,7.09,0,1039.3,04:52:26,R3
100962,20.76,7.64,0,819.6,04:40:38,R8
100963,0.68,8.16,1,133.5,13:51:44,R18
100964,1.22,7.23,0,211.2,10:46:39,R16
100965,0.92,7.27,1,143.9,18:29:44,R18
100966,4.43,8.04,0,236.5,01:48:02,R16
100967,0.23,6.99,1,360.9,00:14:13,R22
100968,0.72,7.0,1,252.1,04:29:14,R19
100969,0.4,7.02,1,465.8,21:50:27,R22
100970,22.98,7.03,0,507.1,08:31:44,R10
100971,0.75,8.1,1,75.7,03:22:12,R18
100972,185.44,7.17,0,338.0,22:59:36,R6
100973,0.45,7.79,1,70.9,05:35:48,R18
100974,0.49,6.97,1,242.6,15:09:00,R19
100975,1.73,6.97,1,430.5,04:03:51,R20
100976,0.28,6.69,0,508.4,06:25:56,R13
100977,58.29,8.08,0,336.8,23:17:56,R5
100978,4.58,7.03,1,123.9,23:52:05,R21
100979,0.74,6.69,1,148.5,19:58:58,R17
100980,3.93,7.53,0,996.6,06:43:58,R3
100981,2.72,6.98,1,330.1,22:42:53,R20
100982,1.54,6.97,1,221.4,09:39:53,R21
100983,0.21,6.95,1,89.6,02:48:44,R19
100984,2.68,7.0,1,279.8,19:40:25,R21
100985,0.17,6.85,1,69.5,04:08:46,R17
100986,4.74,7.44,0,1639.3,22:59:03,R4
100987,3.04,6.98,0,621.8,20:19:25,R9
100988,10.69,6.67,0,670.3,19:00:33,R7
100989,4.31,8.16,0,1799.6,19:17:19,R4
100990,63.01,8.04,0,129.3,11:22:42,R5
100991,15.91,6.99,0,404.3,12:25:46,R10
100992,0.28,7.78,0,437.3,05:05:39,R14
100993,2.75,6.78,0,207.3,20:53:36,R15
100994,0.13,7.9,1,81.5,08:49:58,R18
100995,2.72,6.97,1,59.7,13:44:11,R21
100996,14.56,6.71,0,824.6,23:30:51,R7
100997,15.36,9.11,0,124.6,11:57:02,R2
100998,0.69,6.83,1,91.8,11:44:10,R17
100999,3.9,6.97,1,310.4,03:41:15,R20
101000,5.05,6.47,0,615.9,02:56:27,R1
101001,0.59,7.03,1,142.1,16:58:05,R19
101002,179.41,7.45,0,617.3,12:53:05,R6
101003,0.68,7.93,1,97.9,10:51:21,R18
101004,0.94,6.97,1,224.4,09:58:32,R19
101005,0.5,8.24,1,276.7,07:14:30,R18
101006,2.16,7.69,0,233.3,17:35:47,R16
101007,3.84,7.01,1,420.6,16:26:55,R20
101008,14.66,6.72,0,744.9,07:55:47,R7
101009,0.45,6.62,0,363.6,09:36:37,R13
101010,0.52,7.29,1,255.1,20:01:44,R18
101011,0.48,6.97,1,586.5,21:44:11,R22
101012,1.82,6.99,1,276.0,09:04:37,R21
101013,3.69,6.7,0,214.8,23:22:51,R15
101014,0.89,6.81,1,150.4,12:32:24,R17
101015,1.35,6.96,0,887.0,11:53:52,R9
101016,14.65,9.62,0,500.2,19:28:29,R2
101017,0.21,7.03,1,364.9,23:15:14,R22
101018,0.12,7.63,0,460.5,20:59:04,R14
101019,0.57,7.04,1,414.9,02:50:54,R22
101020,18.92,5.88,0,659.0,18:20:47,R1
101021,0.62,6.69,0,584.7,19:05:18,R13
101022,5.2,7.56,0,759.4,02:47:33,R8
101023,0.6,8.11,0,507.1,18:33:24,R14
101024,3.45,6.99,1,70.3,13:29:56,R21
101025,0.54,7.03,1,115.5,07:59:51,R19
101026,0.76,6.98,1,133.9,10:15:52,R19
101027,0.32,7.01,1,414.6,13:15:03,R22
101028,0.95,7.0,1,554.6,07:19:49,R22
101029,11.7,7.68,0,1159.7,23:15:54,R3
101030,1.43,6.98,1,508.0,15:39:39,R20
101031,0.72,6.89,1,278.0,13:54:15,R17
101032,3.5,6.96,0,649.3,17:29:49,R9
101033,0.22,6.96,1,503.8,08:26:45,R22
101034,0.38,7.01,1,537.5,13:00:12,R22
101035,121.18,6.9,0,219.2,09:53:49,R6
101036,1.53,6.99,0,774.9,01:56:46,R9
101037,16.2,4.62,0,287.7,15:41:52,R1
101038,1.55,7.04,0,694.4,03:35:42,R9
101039,14.22,8.29,0,1038.2,04:40:32,R3
101040,2.69,7.01,1,446.9,00:48:09,R20
101041,9.7,9.01,0,611.5,05:07:26,R2
101042,98.61,8.2,0,425.7,14:08:19,R5
101043,0.13,7.39,1,228.5,14:29:55,R18
101044,13.86,6.65,0,752.8,03:29:06,R7
101045,6.77,7.07,0,1748.9,22:37:06,R4
101046,13.02,7.38,0,856.8,04:32:05,R8
101047,14.24,7.76,0,1149.8,01:29:08,R3
101048,3.86,6.75,0,71.9,20:57:47,R15
101049,0.56,7.4,1,202.2,21:15:02,R18
101050,0.33,6.63,1,138.3,12:04:42,R17
101051,111.67,8.13,0,442.5,20:45:30,R6
101052,3.48,6.93,0,458.4,04:35:01,R11
101053,13.3,9.97,0,231.8,18:11:27,R2
101054,5.47,6.63,0,1745.7,15:20:23,R4
101055,1.4,7.92,0,322.5,18:15:12,R12
101056,0.69,6.79,1,274.7,07:40:58,R17
101057,3.81,9.1,0,526.1,07:27:12,R2
101058,150.51,8.34,0,621.5,17:00:09,R6
101059,0.92,8.22,1,163.6,20:54:11,R18
101060,18.24,8.04,0,1500.4,21:46:15,R4
101061,3.37,8.08,0,1332.3,09:55:00,R4
101062,65.4,6.67,0,587.9,19:53:05,R5
101063,2.61,9.91,0,481.7,22:53:08,R2
101064,0.65,6.89,0,483.0,12:52:00,R13
101065,48.43,6.76,0,593.4,01:28:59,R5
101066,0.81,5.8,0,133.0,16:15:46,R1
101067,3.07,7.04,1,338.5,05:50:08,R20
101068,12.55,6.65,0,1641.1,11:19:57,R4
101069,3.41,7.5,0,968.8,16:23:06,R3
101070,8.28,7.19,0,1191.5,21:05:31,R3
101071,0.84,6.88,1,244.4,22:23:53,R17
101072,0.1,7.5,1,242.7,06:53:44,R18
101073,72.05,7.58,0,104.7,21:18:57,R5
101074,0.32,7.03,1,467.9,05:34:50,R22
101075,6.91,8.2,0,1462.8,14:10:03,R4
101076,7.29,7.81,0,1242.4,01:21:25,R4
101077,1.73,8.09,0,131.4,14:02:48,R16
101078,15.4,6.95,0,412.8,04:20:04,R10
101079,16.91,8.08,0,1156.8,23:49:48,R3
101080,0.87,6.99,1,251.6,12:34:54,R19
101081,1.22,6.97,1,454.6,22:34:20,R20
101082,2.85,6.98,1,530.9,18:29:37,R20
101083,3.5,7.02,1,219.5,20:33:07,R21
101084,3.15,6.96,0,632.0,16:30:43,R9
101085,3.56,6.95,1,490.8,06:21:11,R20
101086,23.99,6.89,0,770.2,05:14:33,R7
101087,188.24,8.23,0,563.2,21:25:13,R6
101088,1.77,6.85,0,256.7,22:42:40,R15
101089,15.41,4.03,0,433.8,16:45:40,R1
101090,0.35,6.82,1,157.6,08:02:37,R17
101091,0.8,7.02,1,123.1,00:23:11,R19
101092,1.3,6.71,0,403.6,09:41:19,R11
101093,0.33,6.76,1,149.6,17:29:24,R17
101094,2.46,7.06,0,185.6,01:28:52,R16
101095,3.82,7.0,1,532.5,13:57:44,R20
101096,0.78,8.14,1,232.9,06:29:29,R18
101097,0.67,7.01,1,80.3,15:01:13,R19
101098,0.92,6.85,1,54.9,23:38:12,R17
101099,15.02,6.03,0,372.3,15:19:46,R1
101100,0.23,6.96,1,174.4,01:17:23,R19
101101,0.78,7.08,1,75.0,17:38:21,R18
101102,1.53,7.87,0,204.5,16:40:12,R16
101103,1.59,7.0,1,272.5,06:55:09,R21
101104,0.64,6.64,1,57.5,00:15:42,R17
101105,3.2,7.04,1,143.5,04:22:14,R21
101106,0.46,6.94,0,345.5,06:02:34,R13
101107,16.73,7.32,0,878.5,00:31:05,R8
101108,0.76,6.62,0,363.0,23:13:18,R13
101109,2.12,7.0,1,511.1,10:46:06,R20
101110,0.8,6.95,1,539.7,16:48:24,R22
101111,0.93,8.4,1,61.6,00:46:14,R18
101112,0.41,6.61,1,247.4,16:45:13,R17
101113,2.07,7.59,0,404.2,01:47:29,R12
101114,0.34,7.04,1,205.0,18:46:53,R19
101115,4.31,6.98,1,179.1,09:57:36,R21
101116,0.86,7.0,1,238.4,10:02:09,R19
101117,0.42,7.01,1,581.4,03:34:31,R22
101118,9.49,6.35,0,180.8,02:53:42,R1
101119,2.94,6.97,1,105.0,17:40:08,R21
101120,0.84,8.08,1,83.6,21:42:43,R18
101121,2.62,6.81,0,503.7,04:27:10,R11
101122,9.76,9.89,0,92.2,16:41:26,R2
101123,0.25,7.62,0,454.2,17:27:57,R14
101124,4.13,8.11,0,436.9,07:17:53,R12
101125,119.12,7.21,0,730.0,02:58:53,R6
101126,0.18,6.88,0,475.3,03:17:33,R13
101127,124.67,7.61,0,70.9,11:54:20,R6
101128,2.32,7.15,0,260.8,10:04:35,R16
101129,81.75,7.14,0,332.0,06:19:46,R5
101130,0.46,7.03,1,321.7,06:21:47,R22
101131,0.34,6.67,1,223.4,08:35:41,R17
101132,2.9,7.03,1,86.5,00:21:40,R21
101133,14.2,8.2,0,1467.5,03:50:48,R4
101134,0.15,7.02,1,180.9,02:09:57,R19
101135,19.32,7.71,0,1265.7,09:37:50,R4
101136,1.47,6.63,0,351.3,10:29:37,R11
101137,176.41,7.19,0,702.2,04:22:07,R6
101138,2.99,6.97,0,718.1,18:14:49,R9
101139,2.64,6.86,0,102.8,00:34:27,R15
101140,0.35,7.04,1,421.0,05:04:29,R22
101141,1.66,7.77,0,1735.5,19:09:47,R4
101142,0.9,7.99,1,251.1,18:49:23,R18
101143,1.34,6.95,1,371.3,21:33:32,R20
101144,7.58,7.63,0,1277.6,14:08:14,R4
101145,2.64,6.98,1,579.1,20:13:20,R20
101146,0.31,6.81,1,150.7,17:14:32,R17
101147,6.76,9.29,0,446.5,11:46:43,R2
101148,0.18,6.82,1,178.6,11:14:53,R17
101149,21.57,7.03,0,320.7,15:57:22,R10
101150,2.22,7.02,1,331.3,10:59:35,R20
101151,0.72,7.89,1,201.6,20:38:24,R18
101152,0.6,6.73,0,345.2,17:09:05,R13
101153,4.25,7.83,0,115.9,06:07:41,R16
101154,0.86,7.84,1,151.1,06:22:53,R18
101155,2.23,5.23,0,297.6,10:59:58,R1
101156,98.99,7.53,0,355.6,21:06:04,R5
101157,17.88,6.62,0,1128.0,10:38:08,R3
101158,2.05,8.13,0,424.9,09:32:18,R12
101159,4.64,6.94,0,465.1,18:41:08,R11
101160,19.31,7.1,0,1597.7,02:37:58,R4
101161,4.58,6.63,0,487.5,23:43:09,R11
101162,3.62,7.03,1,148.3,10:18:02,R21
101163,4.69,8.02,0,172.8,06:55:44,R16
101164,0.71,7.05,1,467.4,23:10:12,R22
101165,1.83,9.74,0,713.9,22:25:27,R2
101166,100.38,7.67,0,757.8,23:25:32,R6
101167,0.57,6.65,1,110.1,21:04:25,R17
101168,0.16,6.67,0,433.5,07:08:36,R13
101169,2.4,6.92,0,248.8,14:35:07,R15
101170,0.44,7.62,1,203.2,23:46:58,R18
101171,0.18,7.85,1,136.6,12:07:42,R18
101172,2.96,7.04,1,400.0,18:16:43,R20
101173,3.2,6.99,1,152.9,15:55:56,R21
101174,113.17,7.07,0,97.4,23:05:25,R6
101175,10.92,6.7,0,766.2,10:04:16,R7
101176,0.46,7.01,1,176.5,11:35:09,R19
101177,12.09,9.53,0,517.5,09:45:43,R2
101178,51.33,8.25,0,710.9,11:20:22,R5
101179,4.39,7.12,0,557.6,23:23:52,R12
101180,3.43,6.99,1,526.7,03:04:34,R20
101181,0.26,6.99,1,505.2,06:21:09,R22
101182,8.8,8.14,0,688.3,05:31:39,R8
101183,0.5,8.14,0,347.8,00:27:42,R14
101184,19.05,8.22,0,1373.5,08:08:16,R4
101185,44.47,6.77,0,760.9,03:47:19,R5
101186,0.67,8.0,1,98.4,15:53:19,R18
101187,8.94,6.01,0,305.9,09:56:16,R1
101188,0.28,6.96,1,178.5,23:16:06,R19
101189,2.99,6.97,1,379.0,01:08:16,R20
101190,0.43,7.34,1,208.1,14:59:07,R18
101191,0.78,6.96,1,107.5,21:50:00,R19
101192,17.25,4.49,0,66.9,14:43:01,R1
101193,0.83,6.9,0,519.1,01:57:00,R13
101194,0.16,7.05,1,370.1,23:59:07,R22
101195,0.13,7.82,1,269.7,11:57:36,R18
101196,0.29,8.15,1,103.9,11:28:42,R18
101197,196.89,8.17,0,535.6,11:32:39,R6
101198,0.87,7.06,1,82.9,08:20:18,R18
101199,7.93,9.74,0,498.0,12:03:07,R2
101200,0.89,7.62,1,226.7,07:13:40,R18
101201,0.38,6.98,1,89.5,07:55:10,R19
101202,0.85,7.05,1,371.7,06:05:11,R22
101203,0.26,7.02,1,386.1,15:21:52,R22
101204,3.76,6.9,0,176.1,16:38:30,R15
101205,4.77,6.99,0,699.8,00:10:41,R9
101206,0.88,6.61,0,395.0,12:01:53,R13
101207,11.43,7.7,0,1165.9,01:18:07,R3
101208,10.14,6.98,0,432.7,08:24:23,R10
101209,4.7,7.04,0,865.4,09:22:05,R9
101210,0.12,7.01,1,362.3,13:28:49,R22
101211,78.07,6.89,0,648.8,04:42:27,R5
101212,0.39,7.78,1,281.1,18:39:42,R18
101213,0.11,6.92,0,584.0,10:21:16,R13
101214,0.44,7.01,1,241.5,10:00:56,R19
101215,2.83,6.9,0,469.1,03:58:19,R11
101216,0.4,7.0,1,378.8,21:49:23,R22
101217,0.9,7.01,1,322.8,09:06:34,R22
101218,15.56,9.82,0,116.1,15:22:44,R2
101219,0.79,6.66,1,273.1,23:27:21,R17
101220,13.5,7.96,0,1666.1,14:58:43,R4
101221,3.44,7.0,1,225.9,17:36:42,R21
101222,0.6,7.69,0,555.9,13:14:56,R14
101223,0.91,6.82,1,257.0,12:24:02,R17
101224,0.61,8.04,0,310.1,22:25:45,R14
101225,0.87,7.52,1,93.6,09:15:57,R18
101226,9.73,9.88,0,54.5,15:51:04,R2
101227,1.69,7.02,1,588.0,21:00:02,R20
101228,0.47,7.89,0,534.9,14:34:47,R14
101229,2.57,7.87,0,473.9,20:00:28,R12
101230,23.82,7.04,0,342.9,10:51:41,R10
101231,2.46,6.95,1,99.1,06:48:54,R21
101232,18.61,9.93,0,589.4,17:37:50,R2
101233,4.86,6.99,1,371.0,05:28:58,R20
101234,18.48,6.79,0,1300.1,15:52:56,R4
101235,0.38,7.0,1,248.8,07:20:54,R19
101236,0.9,7.3,1,256.8,19:18:06,R18
101237,4.3,7.0,1,166.0,16:13:47,R21
101238,0.69,6.94,1,286.7,07:12:00,R17
101239,0.77,7.05,1,583.6,15:23:36,R22
101240,168.61,7.26,0,248.9,19:46:31,R6
101241,4.7,6.98,1,253.5,22:21:35,R21
101242,0.91,6.95,1,202.0,23:00:21,R19
101243,0.51,6.95,1,149.9,18:36:40,R19
101244,12.67,6.97,0,562.5,19:31:00,R10
101245,11.15,6.75,0,703.4,20:51:48,R7
101246,0.93,6.69,1,160.2,07:52:03,R17
101247,3.7,6.28,0,479.1,21:51:50,R1
101248,6.84,9.12,0,619.9,07:39:28,R2
101249,0.45,7.02,1,161.0,07:17:39,R19
101250,3.46,4.63,0,704.8,01:52:55,R1
101251,3.45,7.02,1,76.8,07:21:42,R21
101252,0.94,6.97,1,158.3,18:12:42,R19
101253,3.09,7.04,1,435.5,03:33:25,R20
101254,4.37,7.03,1,540.3,10:16:22,R20
101255,63.56,8.15,0,752.1,17:23:13,R5
101256,2.67,6.88,0,80.5,06:20:24,R15
101257,0.26,7.01,1,264.2,11:16:17,R19
101258,0.14,7.4,1,192.8,04:07:35,R18
101259,6.6,7.69,0,1691.7,19:46:35,R4
101260,1.86,6.97,1,211.7,04:16:20,R21
101261,104.91,7.38,0,403.0,03:06:02,R6
101262,3.07,6.68,0,113.0,11:43:58,R15
101263,4.78,7.03,0,618.7,13:14:36,R9
101264,0.19,7.04,1,134.4,13:31:31,R19
101265,3.49,7.3,0,1131.1,04:05:16,R3
101266,0.94,7.9,1,259.7,04:13:01,R18
101267,79.04,6.92,0,648.1,06:28:39,R5
101268,0.94,6.73,1,244.5,20:42:11,R17
101269,0.27,7.05,1,83.8,06:03:40,R19
101270,2.15,6.85,0,549.3,17:27:27,R11
101271,3.05,7.0,1,377.7,01:30:36,R20
101272,0.2,6.89,1,117.6,03:38:44,R17
101273,3.75,6.83,0,354.3,17:17:45,R11
101274,3.93,6.97,1,276.7,11:05:44,R21
101275,0.84,6.72,0,583.3,14:50:35,R13
101276,11.08,6.7,0,879.3,09:15:01,R7
101277,88.29,7.09,0,323.4,03:27:06,R5
101278,0.85,8.07,1,88.1,06:46:00,R18
101279,3.84,7.01,0,768.4,23:52:35,R9
101280,4.74,6.99,1,347.6,05:17:58,R20
101281,29.05,7.38,0,400.0,07:37:37,R5
101282,6.62,8.83,0,737.4,16:18:46,R2
101283,3.32,7.0,1,224.0,08:05:42,R21
101284,15.73,7.73,0,779.4,13:45:32,R8
101285,0.78,7.47,0,1058.6,09:37:03,R3
101286,3.93,6.97,1,260.6,00:57:22,R21
101287,4.05,7.01,1,289.9,04:10:52,R21
101288,4.77,4.02,0,352.6,00:11:29,R1
101289,167.7,8.1,0,213.3,13:28:22,R6
101290,0.86,6.94,1,60.4,15:38:53,R17
101291,0.52,7.03,1,73.5,00:35:25,R19
101292,4.46,7.58,0,447.8,12:18:34,R12
101293,0.53,6.73,1,200.2,09:50:42,R17
101294,0.52,6.78,1,188.5,16:31:49,R17
101295,3.37,4.75,0,290.3,03:09:30,R1
101296,1.37,7.04,1,588.1,00:58:55,R20
101297,14.57,7.16,0,1034.0,05:54:18,R3
101298,18.62,7.1,0,984.2,11:45:15,R3
101299,15.05,6.27,0,327.7,05:09:54,R1
101300,0.78,7.02,1,468.9,12:53:33,R22
101301,0.14,6.82,1,202.4,17:52:26,R17
101302,20.93,6.99,0,417.4,14:39:01,R10
101303,13.9,7.38,0,999.2,04:46:21,R3
101304,0.25,7.03,1,207.5,15:58:42,R19
101305,0.72,6.97,1,450.7,02:46:04,R22
101306,0.61,6.97,1,443.7,13:19:09,R22
101307,1.75,6.98,0,752.6,16:34:21,R9
101308,0.74,6.72,1,211.4,20:23:45,R17
101309,1.66,7.0,1,583.3,23:46:21,R20
101310,0.32,7.78,1,202.0,07:10:48,R18
101311,0.91,7.48,0,380.6,12:33:55,R14
101312,9.95,6.95,0,528.3,11:15:11,R10
101313,2.12,6.78,0,508.5,03:32:58,R11
101314,0.68,6.96,1,571.4,23:54:25,R22
101315,13.69,9.44,0,109.8,16:32:21,R2
101316,19.67,7.44,0,1072.8,03:47:02,R3
101317,1.43,7.04,1,508.2,15:12:59,R20
101318,9.25,6.94,0,880.4,18:00:01,R7
101319,1.55,6.72,0,467.0,02:33:59,R11
101320,2.08,9.38,0,436.1,10:51:07,R2
101321,2.22,6.96,1,116.7,00:49:11,R21
101322,65.59,8.35,0,776.3,18:47:27,R5
101323,0.94,7.88,1,90.1,04:32:27,R18
101324,22.93,6.71,0,740.3,05:32:33,R7
101325,0.57,7.83,1,115.8,16:26:41,R18
101326,3.71,6.98,1,196.8,03:26:09,R21
101327,0.19,8.05,1,107.3,17:41:48,R18
101328,0.69,7.27,1,240.8,19:16:51,R18
101329,0.28,7.02,1,257.1,07:23:12,R19
101330,0.17,8.26,1,53.1,23:30:47,R18
101331,124.02,8.03,0,766.4,22:32:32,R6
101332,4.61,7.75,0,353.0,13:04:27,R12
101333,1.7,8.94,0,340.1,07:44:24,R2
101334,0.77,7.01,1,313.2,04:05:42,R22
101335,0.74,6.98,1,158.1,09:49:16,R19
101336,0.4,7.03,1,160.2,14:43:34,R19
101337,3.02,6.71,0,100.4,17:42:56,R15
101338,1.94,7.04,1,180.6,12:02:20,R21
101339,0.45,7.03,1,477.6,05:24:52,R22
101340,0.44,7.0,1,409.3,01:36:52,R22
101341,8.3,6.9,0,788.1,08:28:23,R7
101342,3.93,7.01,1,228.3,19:40:35,R21
101343,7.33,7.02,0,495.9,08:09:38,R10
101344,0.17,7.36,1,78.9,04:35:57,R18
101345,0.56,6.96,1,219.9,17:05:47,R19
101346,16.57,6.05,0,303.0,10:10:39,R1
101347,0.56,6.95,1,361.9,14:48:26,R22
101348,0.41,6.97,1,279.9,09:06:37,R19
101349,3.39,7.8,0,208.8,22:48:20,R16
101350,1.37,7.94,0,155.4,12:29:15,R16
101351,1.8,7.02,1,173.6,05:10:13,R21
101352,0.27,6.97,1,361.6,13:32:34,R22
101353,3.69,7.03,1,92.0,14:51:47,R21
101354,19.35,6.91,0,615.6,12:44:24,R7
101355,11.42,9.09,0,732.2,18:14:37,R2
101356,0.17,6.88,1,169.6,12:54:14,R17
101357,2.45,6.95,1,416.1,02:36:36,R20
101358,4.62,6.77,0,405.7,20:22:08,R11
101359,12.91,7.77,0,856.2,06:06:51,R8
101360,0.69,6.77,0,346.7,15:37:54,R13
101361,0.8,7.03,1,474.3,19:39:10,R22
101362,0.4,8.13,1,289.5,13:34:25,R18
101363,12.66,6.4,0,559.4,01:02:32,R1
101364,0.11,6.89,1,256.6,11:30:57,R17
101365,2.59,7.04,1,474.8,02:39:16,R20
101366,0.84,7.03,1,535.2,17:05:29,R22
101367,4.52,6.89,0,90.9,02:59:32,R15
101368,2.24,6.98,1,375.1,20:10:51,R20
101369,0.56,6.97,1,396.0,04:11:02,R22
101370,2.99,7.0,1,584.7,01:26:56,R20
101371,1.82,6.98,1,74.2,01:56:26,R21
101372,3.8,7.03,1,576.2,20:54:51,R20
101373,77.78,7.0,0,104.4,14:05:28,R5
101374,104.11,7.77,0,354.3,15:53:58,R6
101375,0.54,6.79,1,282.6,04:04:35,R17
101376,5.44,7.86,0,1114.2,04:16:10,R3
101377,4.06,8.2,0,551.8,17:25:17,R12
101378,4.29,7.0,1,384.9,22:48:40,R20
101379,0.73,8.22,0,440.1,17:47:57,R14
101380,74.8,7.64,0,514.7,11:29:17,R5
101381,3.92,6.81,0,355.9,17:21:06,R11
101382,3.97,6.78,0,471.8,01:42:44,R11
101383,0.92,6.98,1,495.9,12:05:48,R22
101384,3.82,7.03,1,156.2,02:56:26,R21
101385,3.41,6.98,1,115.1,17:27:14,R21
101386,85.26,7.27,0,629.6,19:24:09,R5
101387,3.88,6.98,1,52.4,13:50:06,R21
101388,19.29,6.86,0,1786.5,00:11:43,R4
101389,0.12,7.73,1,196.7,13:54:06,R18
101390,10.37,6.71,0,785.8,12:54:22,R7
101391,3.45,6.12,0,337.5,16:12:00,R1
101392,0.38,6.91,0,420.6,03:32:19,R13
101393,0.17,7.01,1,461.6,18:22:28,R22
101394,0.79,6.91,1,144.2,02:18:19,R17
101395,3.82,8.07,0,514.9,23:24:02,R12
101396,0.32,7.02,1,155.0,21:07:10,R19
101397,0.24,7.0,1,190.8,14:41:50,R19
101398,13.27,8.19,0,694.9,01:06:52,R8
101399,6.55,6.92,0,787.5,03:42:57,R7
101400,0.78,7.59,0,453.8,21:09:52,R14
101401,1.55,8.3,0,77.0,12:22:10,R16
101402,0.54,6.83,1,124.8,07:55:49,R17
101403,0.5,6.9,1,218.9,11:21:06,R17
101404,31.24,6.94,0,419.8,18:09:02,R5
101405,4.49,7.05,1,397.9,00:05:36,R20
101406,0.84,8.03,1,166.8,01:33:56,R18
101407,0.39,6.88,1,263.6,02:45:59,R17
101408,0.72,6.97,1,183.2,08:55:53,R19
101409,1.31,6.78,0,437.5,00:20:23,R11
101410,3.26,7.05,1,197.9,00:41:36,R21
101411,1.63,7.42,0,398.2,03:40:50,R12
101412,4.01,7.0,1,161.9,20:19:19,R21
101413,0.59,6.84,0,391.1,08:08:31,R13
101414,2.32,6.97,0,646.8,07:06:26,R9
101415,0.75,7.03,1,226.1,22:45:26,R19
101416,0.67,6.69,1,91.0,09:22:36,R17
101417,12.95,4.83,0,425.4,12:48:48,R1
101418,86.35,7.08,0,652.8,16:36:01,R5
101419,0.14,6.77,1,177.8,08:03:30,R17
101420,15.85,6.84,0,623.2,01:01:59,R7
101421,0.39,7.35,1,284.2,21:36:14,R18
101422,0.2,6.97,1,345.5,11:29:10,R22
101423,1.49,6.96,1,446.5,19:46:57,R20
101424,4.8,6.98,1,491.0,23:37:38,R20
101425,3.41,7.05,0,659.2,18:51:14,R9
101426,6.18,6.83,0,683.5,06:21:59,R7
101427,2.34,7.79,0,923.4,03:33:19,R3
101428,9.75,7.67,0,683.5,23:01:53,R8
101429,108.93,8.23,0,361.3,12:32:34,R6
101430,0.79,7.04,1,258.3,09:26:29,R19
101431,0.79,6.79,1,124.3,02:22:56,R17
101432,0.18,6.98,1,347.7,20:59:41,R22
101433,4.05,6.9,0,405.9,16:36:38,R11
101434,0.19,7.02,1,459.0,17:01:56,R22
101435,3.73,7.34,0,339.5,02:37:54,R12
101436,0.54,7.62,1,142.0,07:31:00,R18
101437,13.86,5.36,0,169.9,20:30:37,R1
101438,0.42,6.65,1,192.6,06:06:31,R17
101439,2.82,6.95,1,182.3,17:28:21,R21
101440,2.26,6.96,0,883.2,05:22:43,R9
101441,9.01,8.03,0,1385.7,03:27:43,R4
101442,0.85,6.99,1,223.3,20:30:05,R19
101443,3.61,6.99,1,446.5,05:41:55,R20
101444,0.11,7.39,0,373.9,12:24:20,R14
101445,0.59,6.98,1,240.3,03:04:46,R19
101446,2.36,6.91,0,169.0,11:09:52,R15
101447,3.6,7.01,1,410.2,08:31:42,R20
101448,3.03,7.0,1,554.8,21:29:58,R20
101449,6.31,5.28,0,140.0,11:07:51,R1
101450,3.03,7.81,0,163.2,03:57:44,R16
101451,0.89,7.38,0,569.8,22:12:45,R14
101452,0.55,6.89,1,183.2,07:54:24,R17
101453,4.53,6.79,0,270.6,20:55:11,R15
101454,0.16,6.75,0,315.0,08:20:29,R13
101455,72.9,6.79,0,277.3,12:19:36,R5
101456,3.51,7.05,1,556.5,07:51:05,R20
101457,0.84,7.02,1,471.8,19:09:03,R22
101458,6.33,7.28,0,1105.8,03:42:18,R3
101459,16.79,7.06,0,1026.5,00:02:49,R3
101460,0.59,7.77,1,192.3,07:06:57,R18
101461,0.68,6.71,1,73.4,13:18:28,R17
101462,0.22,6.96,1,107.6,05:28:05,R19
101463,2.23,7.03,0,760.2,23:44:05,R9
101464,12.27,7.58,0,1196.1,17:32:25,R3
101465,0.54,6.95,1,423.5,21:10:16,R22
101466,0.69,6.99,1,91.6,14:40:17,R19
101467,0.23,8.07,1,217.0,14:52:41,R18
101468,11.34,7.16,0,1412.7,10:20:06,R4
101469,87.41,7.53,0,685.1,01:18:25,R5
101470,0.45,6.96,1,557.3,01:24:31,R22
101471,0.63,6.98,1,441.0,12:56:27,R22
101472,1.41,7.03,1,231.7,11:02:21,R21
101473,0.64,6.85,1,138.3,14:13:32,R17
101474,0.47,6.62,0,502.0,15:54:39,R13
101475,0.12,6.97,1,375.5,07:00:36,R22
101476,11.35,9.68,0,369.1,16:28:01,R2
101477,0.56,6.97,1,342.6,06:30:35,R22
101478,0.41,7.0,1,408.2,18:54:05,R22
101479,4.18,7.05,1,205.9,05:36:35,R21
101480,4.77,7.02,1,496.6,16:20:58,R20
101481,0.16,7.66,1,106.7,19:24:42,R18
101482,11.02,6.99,0,338.2,12:07:43,R10
101483,0.76,6.97,1,64.7,23:47:45,R19
101484,196.6,7.38,0,213.3,23:28:54,R6
101485,6.62,9.86,0,139.5,05:30:53,R2
101486,8.07,4.53,0,262.5,22:40:55,R1
101487,71.4,7.83,0,72.0,06:43:09,R5
101488,2.65,6.76,0,115.9,00:41:27,R15
101489,0.6,7.75,1,136.2,12:21:17,R18
101490,4.82,6.98,1,404.0,05:11:47,R20
101491,16.95,7.02,0,362.6,06:09:43,R10
101492,0.53,6.78,0,517.8,18:26:14,R13
101493,0.93,8.32,0,362.0,21:10:25,R14
101494,61.95,7.37,0,300.0,03:16:00,R5
101495,1.71,7.01,1,242.9,06:27:17,R21
101496,0.33,6.79,1,108.2,17:40:50,R17
101497,2.05,8.18,0,493.3,12:56:18,R12
101498,0.45,7.01,1,144.0,19:30:46,R19
101499,1.27,6.99,1,65.9,07:38:12,R21
101500,130.94,7.04,0,698.3,02:49:19,R6
101501,59.61,6.92,0,192.5,01:39:16,R5
101502,8.4,6.73,0,1064.8,06:23:30,R3
101503,10.54,7.26,0,796.7,17:13:43,R8
101504,19.08,7.91,0,765.9,10:25:23,R8
101505,0.29,6.97,1,255.4,07:50:54,R19
101506,76.93,8.09,0,753.1,17:47:11,R5
101507,14.17,9.86,0,443.8,09:02:35,R2
101508,4.85,6.99,0,658.9,19:27:25,R9
101509,0.93,6.98,1,225.4,00:02:10,R19
101510,3.42,6.71,0,439.7,09:10:52,R11
101511,3.71,7.0,1,211.9,01:49:51,R21
101512,1.88,6.98,1,102.5,13:49:16,R21
101513,4.35,7.49,0,204.8,12:32:07,R16
101514,64.37,8.14,0,321.3,12:10:55,R5
101515,13.95,9.5,0,500.7,02:57:55,R2
101516,2.24,6.97,1,481.0,08:46:11,R20
101517,1.98,7.19,0,540.3,14:44:31,R12
101518,0.39,6.82,1,93.7,04:09:43,R17
101519,4.04,6.99,1,324.7,20:25:06,R20
101520,0.44,6.78,1,238.1,06:03:01,R17
101521,0.81,6.94,1,252.1,03:28:30,R17
101522,0.85,7.49,0,348.2,22:06:14,R14
101523,0.59,6.93,1,278.1,09:47:49,R17
101524,3.65,7.05,1,372.8,23:38:13,R20
101525,0.36,7.02,1,380.6,12:48:06,R22
101526,0.2,7.07,1,269.4,18:33:32,R18
101527,4.17,6.96,1,404.9,10:07:29,R20
101528,2.88,7.0,0,685.0,08:26:25,R9
101529,0.82,6.96,1,479.7,07:49:34,R22
101530,8.17,5.86,0,224.2,01:24:25,R1
101531,2.6,6.99,1,564.8,02:12:33,R20
101532,0.63,7.02,1,50.8,14:53:31,R19
101533,0.64,6.77,1,128.9,02:41:47,R17
101534,4.71,6.79,0,148.7,08:51:48,R15
101535,162.26,7.73,0,411.9,23:48:43,R6
101536,15.48,6.62,0,725.7,09:13:16,R7
101537,4.75,7.04,1,377.8,07:53:16,R20
101538,0.56,7.0,1,268.2,17:49:43,R19
101539,10.28,8.35,0,859.3,15:12:35,R8
101540,152.18,7.44,0,300.6,22:20:07,R6
101541,184.55,6.7,0,637.1,02:12:29,R6
101542,4.09,6.98,1,339.5,13:46:29,R20
101543,0.84,7.38,1,88.3,07:51:28,R18
101544,17.35,7.47,0,1018.6,12:22:04,R3
101545,3.67,7.01,1,59.4,03:59:51,R21
101546,0.78,6.97,1,470.2,16:41:04,R22
101547,2.84,6.95,0,811.7,13:44:38,R9
101548,1.85,7.24,0,345.6,07:56:33,R12
101549,0.84,7.04,1,344.8,07:17:55,R22
101550,0.28,6.72,0,497.4,13:47:06,R13
101551,1.33,7.84,0,156.3,07:04:27,R16
101552,1.32,6.6,0,545.0,05:43:31,R11
101553,1.23,6.99,1,223.6,08:19:45,R21
101554,2.21,9.2,0,106.2,14:12:18,R2
101555,2.98,7.0,0,847.9,09:04:57,R9
101556,2.57,6.68,0,190.1,20:40:54,R15
101557,3.32,7.34,0,65.5,06:56:21,R16
101558,0.64,6.77,0,393.6,03:03:44,R13
101559,1.4,6.94,0,330.6,23:17:33,R11
101560,4.47,4.51,0,364.0,14:18:06,R1
101561,136.6,7.61,0,497.3,03:36:52,R6
101562,2.05,7.0,1,204.7,11:54:05,R21
101563,0.74,7.01,1,422.9,08:57:28,R22
101564,0.89,7.0,1,394.9,21:20:44,R22
101565,0.53,7.03,1,92.0,07:47:16,R19
101566,8.99,6.79,0,1573.8,18:27:43,R4
101567,0.37,6.78,1,248.3,07:38:58,R17
101568,160.7,8.29,0,395.0,02:17:44,R6
101569,50.44,8.18,0,548.0,06:57:36,R5
101570,18.65,6.63,0,1540.1,12:27:57,R4
101571,0.17,6.72,1,190.1,21:48:18,R17
101572,18.83,6.97,0,545.2,23:06:50,R10
101573,87.75,7.79,0,90.9,06:59:22,R5
101574,0.43,7.0,1,445.3,16:19:41,R22
101575,3.5,6.98,1,134.7,13:54:52,R21
101576,8.97,8.63,0,75.8,02:41:44,R2
101577,0.52,7.03,1,321.6,00:01:08,R22
101578,4.15,8.39,0,346.5,15:35:50,R12
101579,2.96,6.99,1,321.0,13:04:29,R20
101580,85.22,8.44,0,66.5,11:04:05,R5
101581,13.73,7.34,0,1639.6,12:20:04,R4
101582,0.86,6.68,1,72.3,10:31:47,R17
101583,0.22,7.03,1,582.9,16:15:43,R22
101584,1.24,6.83,0,113.3,23:11:25,R15
101585,8.52,7.71,0,751.4,22:12:37,R8
101586,4.38,7.0,1,96.5,12:43:30,R21
101587,0.27,7.01,1,548.2,18:18:44,R22
101588,0.85,6.97,1,575.8,11:03:58,R22
101589,0.69,6.91,1,227.8,14:09:36,R17
101590,155.73,7.47,0,521.4,23:01:16,R6
101591,34.62,8.25,0,495.2,09:34:38,R5
101592,3.69,7.03,1,95.2,08:09:49,R21
101593,1.81,6.99,1,322.3,12:06:58,R20
101594,111.75,8.02,0,254.2,16:58:21,R6
101595,3.91,7.64,0,426.2,14:52:28,R12
101596,3.6,6.99,1,156.2,06:38:44,R21
101597,0.5,6.97,1,53.0,11:21:09,R19
101598,1.45,8.12,0,973.0,07:17:44,R3
101599,5.78,7.69,0,654.1,17:20:42,R8
101600,4.84,7.04,1,535.9,04:23:05,R20
101601,2.18,7.87,0,254.8,11:01:06,R16
101602,15.34,4.76,0,636.4,17:08:05,R1
101603,0.57,6.87,0,314.4,15:34:24,R13
101604,17.35,7.39,0,1355.0,04:03:05,R4
101605,3.89,6.73,0,425.3,02:14:39,R11
101606,19.94,5.7,0,748.8,14:22:22,R1
101607,0.64,8.03,1,222.8,05:44:21,R18
101608,0.34,6.85,1,208.4,15:48:15,R17
101609,0.4,7.0,1,231.5,00:58:58,R19
101610,1.45,8.04,0,187.1,18:12:12,R16
101611,1.23,6.62,0,365.5,21:05:20,R11
101612,0.24,7.02,1,233.7,11:32:31,R19
101613,129.12,7.43,0,223.1,21:54:36,R6
101614,0.66,7.93,1,75.6,15:14:53,R18
101615,3.66,4.88,0,82.3,22:36:19,R1
101616,0.19,6.99,1,284.4,13:14:50,R19
101617,0.75,6.64,1,221.2,21:41:54,R17
101618,9.33,7.54,0,1315.4,07:24:06,R4
101619,0.3,6.84,1,232.8,05:26:55,R17
101620,0.69,6.78,0,581.4,16:22:59,R13
101621,0.44,6.94,1,76.9,13:45:26,R17
101622,0.12,7.37,1,60.1,04:39:56,R18
101623,6.49,8.44,0,1033.1,22:30:00,R3
101624,3.77,7.97,0,985.0,01:01:17,R3
101625,0.7,7.99,1,271.4,10:37:29,R18
101626,75.44,8.48,0,248.8,12:49:31,R5
101627,0.53,6.99,1,124.8,12:44:09,R19
101628,54.62,8.41,0,451.8,17:13:09,R5
101629,1.39,7.0,1,170.3,22:59:06,R21
101630,2.91,7.4,0,1677.3,00:16:37,R4
101631,0.32,8.15,1,132.0,02:07:25,R18
101632,15.58,6.17,0,57.4,00:29:40,R1
101633,0.78,6.81,0,565.7,20:44:29,R13
101634,0.67,7.75,1,167.3,12:46:10,R18
101635,12.78,6.82,0,621.1,20:44:21,R7
101636,2.72,7.4,0,132.3,10:20:51,R16
101637,0.18,8.02,0,524.4,15:01:23,R14
101638,3.65,7.01,0,853.3,15:51:17,R9
101639,11.95,4.18,0,547.4,00:03:37,R1
101640,14.77,6.93,0,1724.8,11:12:38,R4
101641,125.12,7.05,0,363.5,03:16:03,R6
101642,1.27,7.03,1,90.7,01:41:10,R21
101643,4.47,6.69,0,234.4,11:36:23,R15
101644,0.44,8.19,1,80.6,05:39:27,R18
101645,0.63,7.86,1,210.4,01:06:52,R18
101646,0.51,6.96,1,160.0,01:22:30,R19
101647,1.84,4.39,0,460.3,02:50:10,R1
101648,0.17,6.69,1,155.4,20:45:20,R17
101649,0.29,6.78,1,150.2,19:12:51,R17
101650,0.25,7.74,0,374.8,17:08:09,R14
101651,1.88,6.96,0,871.5,18:15:57,R9
101652,0.19,6.96,1,420.1,02:07:12,R22
101653,0.7,7.12,1,179.9,05:46:09,R18
101654,0.61,7.02,1,476.4,13:11:41,R22
101655,4.04,8.19,0,149.6,09:45:57,R16
101656,8.75,9.13,0,651.4,00:00:17,R2
101657,0.63,7.21,1,275.6,18:10:47,R18
101658,0.81,7.27,1,246.3,23:15:30,R18
101659,81.99,7.06,0,393.3,08:40:50,R5
101660,3.34,6.99,0,748.1,01:59:52,R9
101661,0.16,6.63,1,213.9,03:32:28,R17
101662,0.41,6.77,0,415.4,07:13:19,R13
101663,56.39,7.84,0,668.4,03:03:25,R5
101664,1.35,6.98,0,858.6,00:23:37,R9
101665,2.37,7.0,1,430.5,03:40:39,R20
101666,10.17,7.2,0,980.5,11:30:55,R3
101667,0.78,6.84,1,59.4,21:03:41,R17
101668,0.35,6.98,1,193.6,18:22:36,R19
101669,0.63,7.97,1,169.3,02:23:46,R18
101670,1.41,7.02,1,442.7,12:06:14,R20
101671,6.14,7.17,0,1313.0,08:56:00,R4
101672,20.44,7.0,0,458.0,10:21:47,R10
101673,117.83,8.24,0,290.5,02:40:41,R6
101674,16.58,7.83,0,1159.7,02:33:16,R3
101675,0.86,6.63,1,88.8,15:25:12,R17
101676,0.94,6.96,1,216.8,06:05:27,R19
101677,2.82,6.96,1,549.1,18:03:22,R20
101678,0.11,6.99,1,401.5,21:45:41,R22
101679,32.68,6.84,0,590.0,07:12:57,R5
101680,0.53,6.67,1,137.4,08:09:26,R17
101681,0.8,7.03,1,498.5,13:45:05,R22
101682,21.19,6.93,0,835.4,11:57:23,R7
101683,10.17,8.0,0,1392.0,23:33:55,R4
101684,0.21,7.02,1,420.9,07:49:05,R22
101685,17.61,5.8,0,265.4,03:04:35,R1
101686,34.6,7.96,0,705.3,22:08:59,R5
101687,3.14,6.61,0,211.1,16:51:39,R15
101688,12.09,6.92,0,653.8,01:11:15,R7
101689,0.24,6.96,1,419.7,07:43:45,R22
101690,17.96,4.12,0,223.3,12:28:33,R1
101691,0.55,7.02,1,392.1,08:49:54,R22
101692,1.46,7.0,1,487.5,13:39:55,R20
101693,4.88,6.97,1,576.4,05:16:50,R20
101694,11.7,7.95,0,865.2,11:01:47,R8
101695,0.25,7.66,1,83.8,22:43:11,R18
101696,3.27,6.99,1,289.3,04:15:47,R21
101697,18.82,8.05,0,1761.7,05:03:10,R4
101698,0.13,6.66,1,96.1,12:57:37,R17
101699,0.15,7.32,0,474.6,04:14:16,R14
101700,2.88,7.42,0,368.7,21:06:15,R12
101701,0.28,7.02,1,246.3,08:53:25,R19
101702,0.78,6.91,1,201.5,14:29:31,R17
101703,0.7,6.88,1,206.0,22:23:02,R17
101704,6.56,7.04,0,331.9,03:29:33,R10
101705,0.81,6.72,1,273.1,18:22:02,R17
101706,2.37,7.1,0,556.1,09:45:35,R12
101707,0.84,7.0,1,404.5,11:44:27,R22
101708,4.39,6.95,0,797.2,03:14:00,R9
101709,0.64,6.96,1,443.5,18:28:12,R22
101710,1.91,7.02,1,377.3,10:43:23,R20
101711,6.62,9.89,0,426.8,15:33:12,R2
101712,0.51,6.98,1,546.4,01:50:01,R22
101713,0.79,6.66,1,230.1,00:03:01,R17
101714,0.81,6.96,1,429.3,15:47:49,R22
101715,0.28,7.85,1,269.0,08:04:28,R18
101716,4.47,6.99,1,146.6,12:40:03,R21
101717,0.45,6.96,1,177.8,08:34:45,R19
101718,1.4,7.02,1,192.4,05:32:57,R21
101719,0.47,6.98,1,581.5,13:06:08,R22
101720,2.79,7.01,0,616.6,11:57:27,R9
101721,2.25,7.04,1,460.9,23:53:15,R20
101722,0.6,6.64,0,329.5,04:36:17,R13
101723,23.24,7.79,0,838.7,05:10:20,R8
101724,0.58,6.73,0,451.8,04:31:09,R13
101725,2.95,6.98,1,411.3,14:20:33,R20
101726,0.33,6.99,1,529.3,03:53:52,R22
101727,8.78,8.86,0,113.7,19:32:33,R2
101728,19.76,7.23,0,1349.0,18:37:51,R4
101729,3.34,6.97,1,186.3,09:36:59,R21
101730,1.49,6.95,0,835.6,12:22:46,R9
101731,11.03,7.93,0,783.2,06:31:31,R8
101732,15.69,4.67,0,199.0,01:32:52,R1
101733,13.99,6.74,0,698.7,02:56:42,R7
101734,3.45,7.04,1,434.1,09:14:48,R20
101735,2.71,6.68,0,58.4,22:49:07,R15
101736,0.36,8.11,1,86.4,11:19:33,R18
101737,3.6,7.05,1,66.0,15:27:00,R21
101738,0.79,6.87,0,316.2,14:24:14,R13
101739,0.72,6.71,1,128.0,20:33:11,R17
101740,1.63,6.98,1,562.0,17:00:14,R20
101741,17.76,6.35,0,738.2,19:25:55,R1
101742,2.95,8.42,0,1226.8,01:25:32,R4
101743,18.55,7.24,0,1084.3,00:06:08,R3
101744,11.22,7.01,0,563.1,21:46:27,R10
101745,15.62,6.85,0,989.8,05:21:52,R3
101746,3.9,7.94,0,576.2,19:10:44,R12
101747,3.2,6.97,1,465.0,04:00:43,R20
101748,19.63,6.77,0,1405.3,11:08:25,R4
101749,5.56,6.92,0,828.8,07:23:46,R7
101750,0.82,6.95,1,461.3,20:48:41,R22
101751,0.92,8.09,1,81.4,20:53:55,R18
101752,2.83,6.01,0,696.1,19:19:10,R1
101753,0.23,7.59,1,184.3,04:08:39,R18
101754,0.92,6.86,1,190.0,18:50:16,R17
101755,1.89,6.97,1,475.5,03:25:42,R20
101756,0.79,6.95,1,127.4,18:35:11,R17
101757,1.2,7.93,0,1037.9,10:19:10,R3
101758,4.36,6.97,0,837.5,16:46:06,R9
101759,79.23,8.26,0,314.4,20:37:26,R5
101760,13.94,6.99,0,495.4,04:14:10,R10
101761,15.0,9.54,0,387.8,10:04:36,R2
101762,0.21,8.38,0,396.4,17:02:05,R14
101763,3.15,6.8,0,557.2,02:50:08,R11
101764,0.3,7.01,1,181.2,01:46:08,R19
101765,0.29,7.39,1,167.5,16:46:21,R18
101766,11.46,9.23,0,483.2,12:11:05,R2
101767,0.17,7.03,1,123.1,12:36:23,R19
101768,3.37,7.04,1,98.6,02:20:04,R21
101769,14.98,8.19,0,1233.7,18:06:52,R4
101770,0.2,7.03,1,193.8,09:42:27,R19
101771,2.01,7.02,1,52.0,20:17:01,R21
101772,12.95,5.99,0,604.6,17:57:01,R1
101773,0.21,8.38,1,251.3,11:01:09,R18
101774,166.58,7.38,0,153.8,10:21:13,R6
101775,0.91,7.97,1,102.4,04:29:51,R18
101776,4.19,6.98,1,341.1,10:24:14,R20
101777,10.14,5.44,0,205.1,06:56:31,R1
101778,2.69,6.9,0,223.9,04:14:33,R15
101779,11.41,6.9,0,1125.0,16:24:29,R3
101780,0.85,6.79,1,184.6,12:13:01,R17
101781,0.2,8.3,1,158.2,12:15:48,R18
101782,0.46,6.96,1,383.2,23:20:39,R22
101783,0.95,6.95,1,189.9,07:59:12,R19
101784,2.33,6.96,1,160.3,20:10:32,R21
101785,0.19,6.81,1,52.2,16:33:29,R17
101786,3.25,7.16,0,153.1,04:58:07,R16
101787,2.91,4.98,0,760.8,20:50:35,R1
101788,0.4,7.01,1,95.1,16:44:55,R19
101789,18.74,7.41,0,871.4,10:41:24,R8
101790,0.56,6.99,1,582.7,21:59:06,R22
101791,7.26,7.01,0,536.1,17:21:44,R10
101792,0.67,6.91,1,163.8,05:02:21,R17
101793,1.76,7.95,0,542.8,16:59:47,R12
101794,2.89,7.69,0,483.0,05:53:38,R12
101795,7.5,7.82,0,864.1,06:36:58,R8
101796,9.57,6.92,0,883.0,04:04:40,R7
101797,73.99,7.64,0,493.1,22:38:03,R5
101798,6.49,5.88,0,434.7,12:48:58,R1
101799,0.68,6.97,1,533.3,09:51:45,R22
101800,2.72,4.78,0,693.9,20:02:05,R1
101801,0.3,7.01,1,418.8,08:34:41,R22
101802,0.19,7.0,1,220.2,13:23:31,R19
101803,3.44,7.01,0,637.9,20:55:00,R9
101804,0.34,7.74,1,51.5,08:45:06,R18
101805,0.33,6.98,1,321.0,18:44:12,R22
101806,0.39,8.05,1,152.1,12:22:17,R18
101807,7.48,6.92,0,656.7,17:02:02,R7
101808,0.45,6.94,0,495.7,16:43:04,R13
101809,4.78,7.01,1,86.1,14:29:02,R21
101810,0.9,7.13,1,177.5,06:42:02,R18
101811,3.71,6.9,0,66.8,10:24:47,R15
101812,8.07,8.06,0,1686.6,07:50:00,R4
101813,0.49,6.96,1,181.5,09:37:49,R19
101814,9.69,9.48,0,391.7,13:46:30,R2
101815,2.26,7.0,1,114.4,19:43:25,R21
101816,18.7,6.44,0,534.2,04:03:04,R1
101817,4.64,6.97,1,139.4,04:55:55,R21
101818,2.27,6.85,0,243.4,10:01:55,R15
101819,13.64,7.24,0,1204.3,15:10:51,R4
101820,3.82,4.58,0,101.1,02:05:45,R1
101821,2.51,6.92,0,468.7,06:14:06,R11
101822,9.11,8.43,0,1052.7,23:11:35,R3
101823,98.24,6.97,0,757.8,11:30:56,R5
101824,0.92,6.79,1,94.4,08:37:30,R17
101825,0.62,7.04,1,166.9,20:35:05,R19
101826,138.56,6.98,0,368.6,15:12:54,R6
101827,0.38,6.99,1,429.7,06:04:33,R22
101828,14.15,8.06,0,637.1,00:10:23,R8
101829,0.9,6.64,1,131.0,23:13:16,R17
101830,3.0,6.83,0,261.6,09:51:38,R15
101831,2.33,6.86,0,397.3,03:32:23,R11
101832,0.75,7.05,1,120.9,12:00:28,R19
101833,2.31,7.03,1,128.3,15:34:36,R21
101834,0.83,7.04,1,117.2,22:44:58,R19
101835,0.59,7.11,0,527.1,03:30:11,R14
101836,3.67,6.99,1,573.7,07:45:28,R20
101837,0.33,8.35,0,562.4,11:09:41,R14
101838,0.34,6.75,1,80.6,16:37:42,R17
101839,3.04,7.01,1,575.2,12:44:26,R20
101840,3.68,6.98,0,663.3,13:31:35,R9
101841,3.37,7.93,0,220.2,16:30:51,R16
101842,0.9,7.25,1,153.8,17:34:48,R18
101843,0.74,7.04,1,110.5,19:57:40,R19
101844,1.24,8.37,0,168.5,11:25:10,R16
101845,176.1,7.71,0,56.4,09:49:55,R6
101846,0.25,6.97,1,213.5,09:35:28,R19
101847,0.44,6.98,1,499.2,15:04:43,R22
101848,19.05,6.75,0,690.4,08:27:01,R7
101849,0.61,7.05,1,317.2,02:55:22,R22
101850,0.89,6.96,1,131.2,15:01:13,R19
101851,1.73,7.05,1,187.1,02:17:06,R21
101852,0.46,7.0,1,282.1,23:41:43,R19
101853,1.21,6.98,1,414.1,02:21:31,R20
101854,0.52,6.92,1,76.7,20:42:51,R17
101855,0.9,7.69,1,209.3,14:13:14,R18
101856,63.47,8.09,0,176.1,12:36:44,R5
101857,0.42,6.96,1,463.7,12:40:09,R22
101858,0.44,7.0,1,140.2,00:35:30,R19
101859,155.17,7.52,0,97.7,06:52:17,R6
101860,2.11,8.11,0,273.4,05:47:38,R16
101861,7.33,9.21,0,686.4,10:41:32,R2
101862,12.96,8.19,0,1073.1,20:13:53,R3
101863,0.38,6.67,1,60.9,21:26:24,R17
101864,57.47,7.68,0,700.8,13:17:53,R5
101865,19.76,8.33,0,647.1,00:31:47,R8
101866,4.34,6.97,1,400.1,00:17:12,R20
101867,0.76,6.99,1,106.8,18:43:50,R19
101868,0.9,7.02,1,535.5,06:02:29,R22
101869,180.77,6.85,0,309.2,01:46:51,R6
101870,0.91,8.35,1,51.2,03:04:44,R18
101871,0.67,7.35,1,105.5,05:52:04,R18
101872,2.71,6.99,1,256.4,11:44:26,R21
101873,3.22,6.97,0,751.1,22:35:03,R9
101874,4.72,6.96,1,68.1,21:01:06,R21
101875,0.2,7.64,1,246.3,00:01:47,R18
101876,0.62,6.98,1,434.0,00:35:22,R22
101877,0.14,6.98,1,324.1,09:31:38,R22
101878,4.58,6.95,1,488.1,08:38:16,R20
101879,15.27,8.24,0,1444.1,01:10:30,R4
101880,3.66,6.95,1,101.0,04:32:13,R21
101881,0.87,6.82,1,190.2,23:58:38,R17
101882,0.43,8.38,1,152.7,17:38:29,R18
101883,1.34,7.82,0,176.5,03:28:12,R16
101884,0.44,8.39,1,91.7,10:50:27,R18
101885,2.73,6.04,0,336.6,12:43:39,R1
101886,0.74,7.02,1,506.2,12:52:36,R22
101887,133.8,7.6,0,529.5,02:59:41,R6
101888,4.27,7.05,1,499.5,23:42:57,R20
101889,22.01,7.02,0,450.1,07:34:18,R10
101890,0.12,7.0,1,165.0,19:22:49,R19
101891,4.68,7.0,0,807.9,22:43:37,R9
101892,2.8,7.05,1,450.1,10:50:51,R20
101893,2.29,7.01,1,453.5,16:25:38,R20
101894,16.61,6.99,0,401.5,17:35:29,R10
101895,0.4,7.05,1,227.0,19:06:01,R19
101896,0.44,6.66,1,154.1,12:43:00,R17
101897,12.24,9.04,0,91.8,22:00:41,R2
101898,0.74,7.01,1,82.5,06:08:18,R19
101899,0.59,6.73,1,72.6,17:10:48,R17
101900,0.22,6.74,1,274.8,19:18:12,R17
101901,18.87,7.09,0,1015.7,15:20:13,R3
101902,0.47,6.97,1,139.3,20:37:40,R19
101903,0.48,6.99,1,494.7,04:22:24,R22
101904,0.89,7.99,1,121.4,23:10:40,R18
101905,1.44,6.99,1,394.8,07:47:01,R20
101906,11.77,7.46,0,1631.2,02:31:54,R4
101907,8.34,7.01,0,587.0,10:04:25,R10
101908,137.27,7.92,0,62.1,06:15:06,R6
101909,0.46,7.0,1,499.7,07:20:54,R22
101910,2.34,6.2,0,594.0,01:09:27,R1
101911,0.49,6.63,1,79.0,23:11:05,R17
101912,1.71,7.01,1,392.7,12:35:59,R20
101913,0.12,6.74,1,82.2,08:12:04,R17
101914,0.55,7.48,0,388.9,02:17:12,R14
101915,0.31,8.17,1,153.4,13:29:32,R18
101916,0.73,6.97,1,127.9,03:25:49,R19
101917,3.76,8.43,0,1577.0,09:52:47,R4
101918,0.51,7.05,1,340.3,01:50:28,R22
101919,3.54,7.7,0,464.5,09:24:27,R12
101920,0.67,8.36,1,72.5,21:44:11,R18
101921,0.18,6.88,1,239.5,11:37:51,R17
101922,0.13,7.01,1,516.9,19:02:08,R22
101923,0.58,6.9,1,207.8,13:39:46,R17
101924,4.17,7.03,1,230.4,12:23:48,R21
101925,2.52,6.67,0,406.8,21:02:24,R11
101926,1.92,7.02,0,629.0,09:18:57,R9
101927,16.79,5.77,0,129.1,05:10:32,R1
101928,8.28,7.05,0,964.6,21:21:39,R3
101929,0.52,7.01,1,425.0,08:45:42,R22
101930,0.2,6.96,1,426.9,00:13:45,R22
101931,33.81,7.73,0,207.6,10:29:30,R5
101932,16.21,6.99,0,481.6,18:24:11,R10
101933,3.99,6.88,0,520.7,20:12:14,R11
101934,6.93,7.23,0,1181.1,18:12:47,R3
101935,0.65,7.03,1,567.2,21:04:48,R22
101936,13.26,8.61,0,568.8,22:10:12,R2
101937,0.12,6.98,1,266.0,03:21:39,R19
101938,10.14,9.58,0,358.0,16:45:58,R2
101939,52.02,7.57,0,459.3,20:39:14,R5
101940,0.74,6.96,1,369.1,00:38:21,R22
101941,0.65,8.0,0,333.9,23:19:41,R14
101942,0.95,6.97,1,494.3,11:24:51,R22
101943,0.2,8.12,0,483.1,00:40:50,R14
101944,0.16,7.03,1,56.5,16:29:30,R19
101945,2.15,8.0,0,447.3,02:13:48,R12
101946,18.2,4.31,0,102.9,14:07:01,R1
101947,4.68,6.96,1,329.3,04:11:32,R20
101948,0.65,6.64,1,78.2,22:16:41,R17
101949,0.61,8.23,1,193.4,18:40:04,R18
101950,13.58,7.84,0,774.3,19:28:23,R8
101951,1.45,6.86,0,170.8,17:01:34,R15
101952,3.87,7.0,1,502.6,19:52:04,R20
101953,0.3,7.29,1,206.7,14:44:14,R18
101954,0.3,7.03,1,587.9,20:13:25,R22
101955,0.52,6.8,1,235.0,03:57:58,R17
101956,0.23,7.43,0,582.2,07:54:26,R14
101957,7.27,6.73,0,1190.8,11:02:44,R3
101958,1.41,7.01,1,108.9,16:47:53,R21
101959,0.84,6.82,1,69.6,10:26:40,R17
101960,4.19,6.95,1,525.6,12:52:04,R20
101961,15.33,9.07,0,575.6,12:57:31,R2
101962,8.69,7.33,0,1004.4,06:54:49,R3
101963,8.03,7.58,0,790.9,13:54:23,R8
101964,10.8,6.91,0,1187.3,10:43:13,R3
101965,23.92,7.04,0,544.3,00:08:08,R10
101966,1.2,6.97,1,113.2,03:59:02,R21
101967,1.53,6.74,0,69.2,01:34:23,R15
101968,0.29,8.13,1,86.0,15:54:53,R18
101969,0.43,6.69,1,283.5,11:30:32,R17
101970,3.93,6.96,1,146.9,01:56:37,R21
101971,21.21,6.68,0,834.5,13:07:07,R7
101972,0.45,6.98,1,411.1,22:58:12,R22
101973,60.45,8.21,0,419.7,05:35:49,R5
101974,11.97,4.89,0,161.4,02:52:56,R1
101975,0.29,6.98,1,525.2,06:45:05,R22
101976,3.76,7.02,1,546.8,18:03:42,R20
101977,1.5,7.03,1,329.9,17:42:34,R20
101978,3.15,9.77,0,463.0,06:50:02,R2
101979,16.44,6.75,0,1100.9,06:56:34,R3
101980,0.42,6.99,1,490.3,07:44:53,R22
101981,0.93,6.87,0,480.4,11:34:12,R13
101982,4.27,4.78,0,358.0,18:32:29,R1
101983,4.54,7.04,0,684.3,20:03:06,R9
101984,0.35,6.85,1,136.3,19:35:30,R17
101985,2.23,6.99,1,535.2,17:38:18,R20
101986,17.16,5.35,0,794.1,06:06:29,R1
101987,16.55,8.27,0,961.8,07:03:13,R3
101988,0.36,7.24,1,57.2,08:25:00,R18
101989,108.88,7.9,0,694.2,09:56:34,R6
101990,4.67,7.03,1,254.6,14:09:59,R21
101991,129.62,7.21,0,151.2,06:03:20,R6
101992,0.84,7.01,1,476.7,16:30:54,R22
101993,0.7,6.82,0,352.7,01:58:48,R13
101994,0.82,8.3,0,438.0,03:07:49,R14
101995,0.82,6.99,1,259.5,02:25:21,R19
101996,13.15,8.16,0,1412.4,20:18:56,R4
101997,8.16,7.04,0,468.4,15:35:49,R10
101998,2.76,6.98,1,420.5,01:37:19,R20
101999,1.83,7.03,0,737.8,07:51:22,R9
102000,10.93,4.35,0,58.0,08:19:56,R1
102001,4.49,6.98,1,265.5,09:58:42,R21
102002,0.54,7.04,1,184.7,23:47:58,R19
102003,0.78,6.96,1,261.8,04:41:15,R19
102004,1.29,7.02,1,417.6,08:45:29,R20
102005,96.31,6.75,0,195.0,12:22:49,R5
102006,1.24,7.91,0,182.8,07:27:54,R16
102007,0.57,7.89,1,148.3,17:24:04,R18
102008,2.94,7.13,0,1186.7,12:51:49,R3
102009,4.01,7.0,0,657.2,16:14:42,R9
102010,0.11,7.01,1,528.3,04:18:00,R22
102011,2.75,7.03,1,63.7,10:17:16,R21
102012,0.23,7.66,0,428.8,08:16:23,R14
102013,18.0,9.83,0,536.5,21:00:25,R2
102014,155.46,7.29,0,681.2,12:26:31,R6
102015,0.28,7.61,0,385.6,16:36:52,R14
102016,0.45,6.97,1,138.3,01:02:10,R19
102017,0.55,6.66,1,123.0,10:21:38,R17
102018,3.92,9.67,0,493.8,16:11:29,R2
102019,0.63,7.03,1,175.0,14:35:09,R19
102020,1.99,6.95,1,109.6,13:20:53,R21
102021,14.55,7.86,0,619.6,19:12:24,R8
102022,11.43,7.47,0,1734.6,12:24:23,R4
102023,0.76,7.03,1,141.3,09:50:41,R19
102024,1.44,6.99,1,424.0,03:27:08,R20
102025,9.55,9.81,0,392.7,23:58:08,R2
102026,6.92,4.95,0,631.4,13:31:00,R1
102027,7.9,4.47,0,79.2,12:56:34,R1
102028,0.21,6.96,1,56.2,05:23:05,R19
102029,0.4,6.75,1,263.0,16:12:30,R17
102030,98.5,6.74,0,255.2,16:09:15,R5
102031,0.64,7.54,1,189.3,13:08:27,R18
102032,19.17,7.06,0,1189.1,06:41:18,R3
102033,7.93,5.73,0,774.2,02:16:12,R1
102034,1.43,6.98,1,109.4,19:32:30,R21
102035,2.08,6.96,1,235.5,02:40:14,R21
102036,11.62,6.8,0,1687.7,15:42:37,R4
102037,0.64,7.88,1,285.5,22:47:40,R18
102038,12.81,7.05,0,480.2,17:40:18,R10
102039,0.71,7.18,1,108.4,12:26:07,R18
102040,2.1,6.95,1,261.0,00:32:21,R21
102041,1.8,7.05,1,522.0,09:29:01,R20
102042,0.83,7.68,1,141.1,10:55:00,R18
102043,2.74,7.03,1,310.0,05:21:05,R20
102044,6.66,6.92,0,878.2,16:10:26,R7
102045,167.92,7.51,0,795.9,07:00:14,R6
102046,17.06,8.95,0,307.5,03:47:20,R2
102047,2.22,9.07,0,286.6,13:26:05,R2
102048,3.64,6.99,1,247.2,06:34:05,R21
102049,4.02,6.98,1,159.0,09:50:27,R21
102050,13.37,6.72,0,849.7,11:49:01,R7
102051,0.78,6.96,1,146.4,16:54:16,R19
102052,0.25,7.65,1,258.4,22:43:21,R18
102053,12.84,8.22,0,1371.7,20:30:48,R4
102054,0.39,7.28,1,174.7,17:02:40,R18
102055,2.95,7.0,0,704.8,13:23:07,R9
102056,182.76,8.07,0,106.6,15:00:30,R6
102057,4.31,9.49,0,197.4,14:13:12,R2
102058,0.68,6.61,1,191.8,09:21:17,R17
102059,0.8,6.99,1,540.6,08:43:12,R22
102060,0.47,7.03,1,174.1,23:50:06,R19
102061,0.31,8.21,0,579.2,08:49:23,R14
102062,2.47,7.53,0,188.5,07:31:40,R16
102063,4.32,6.98,0,875.6,20:35:36,R9
102064,7.44,7.78,0,1385.4,12:26:36,R4
102065,0.12,7.91,0,564.7,13:38:42,R14
102066,1.43,6.99,1,211.8,03:30:32,R21
102067,3.51,7.56,0,349.4,22:44:21,R12
102068,2.05,6.94,0,255.1,17:29:57,R15
102069,4.68,6.78,0,381.0,19:55:26,R11
102070,0.48,6.79,1,75.7,06:09:08,R17
102071,13.57,7.75,0,927.4,23:22:34,R3
102072,84.03,8.5,0,651.7,22:24:36,R5
102073,1.67,7.16,0,288.3,00:52:51,R16
102074,1.52,7.04,1,421.2,10:23:21,R20
102075,0.26,6.69,1,88.6,17:39:43,R17
102076,9.72,9.46,0,227.5,16:42:39,R2
102077,14.27,7.7,0,1299.9,23:11:55,R4
102078,0.25,6.89,1,101.0,03:36:15,R17
102079,14.33,8.9,0,775.5,19:59:35,R2
102080,0.94,7.11,1,85.6,15:04:15,R18
102081,0.33,6.98,1,508.6,21:46:00,R22
102082,9.91,7.38,0,668.3,04:56:39,R8
102083,4.2,6.66,0,110.5,04:08:45,R15
102084,0.45,8.11,1,71.5,16:17:10,R18
102085,12.41,7.1,0,885.6,23:39:19,R8
102086,0.46,6.87,1,184.0,07:42:52,R17
102087,11.99,9.93,0,603.4,13:47:08,R2
102088,177.47,8.28,0,436.4,08:03:01,R6
102089,26.68,6.99,0,582.0,04:20:27,R5
102090,3.5,6.82,0,320.7,06:30:24,R11
102091,0.8,7.04,1,502.9,15:06:08,R22
102092,0.32,6.98,1,275.8,10:11:46,R19
102093,0.17,7.49,1,174.3,16:11:17,R18
102094,0.61,6.95,1,495.3,23:27:24,R22
102095,0.17,7.0,1,313.8,02:37:12,R22
102096,14.55,7.0,0,421.5,03:57:20,R10
102097,0.39,7.01,1,422.4,17:11:50,R22
102098,3.01,7.31,0,1576.1,23:07:03,R4
102099,0.91,7.22,1,263.3,14:20:28,R18
102100,196.73,6.96,0,653.7,00:39:24,R6
102101,5.37,7.37,0,859.1,15:29:33,R8
102102,0.14,6.98,1,228.4,12:44:08,R19
102103,0.26,6.88,0,334.0,07:11:59,R13
102104,3.68,6.99,0,670.7,05:27:27,R9
102105,13.66,6.96,0,316.7,05:11:15,R10
102106,0.8,6.97,1,220.9,06:10:59,R19
102107,20.9,7.77,0,871.8,15:24:38,R8
102108,3.63,7.0,1,223.5,06:01:11,R21
102109,0.24,6.9,1,126.1,22:26:44,R17
102110,0.77,6.61,0,542.0,01:27:34,R13
102111,0.66,8.21,1,244.3,15:18:54,R18
102112,15.84,6.62,0,668.9,20:59:05,R7
102113,1.59,7.04,1,277.2,12:40:03,R21
102114,21.36,6.68,0,871.1,03:56:10,R7
102115,17.89,7.34,0,1165.5,04:32:36,R3
102116,3.1,6.91,0,233.1,23:15:42,R15
102117,0.8,7.64,1,109.1,12:50:07,R18
102118,10.14,7.05,0,967.9,11:31:16,R3
102119,33.1,7.52,0,300.5,02:54:19,R5
102120,95.97,7.53,0,518.8,15:21:55,R5
102121,1.96,6.67,0,425.8,01:52:25,R11
102122,11.48,7.02,0,482.0,00:33:38,R10
102123,3.98,7.0,1,208.9,22:14:26,R21
102124,6.28,7.42,0,1462.7,09:32:59,R4
102125,0.56,6.98,1,242.7,06:30:30,R19
102126,1.94,7.96,0,1011.9,03:21:37,R3
102127,2.32,6.96,1,166.3,03:36:03,R21
102128,0.64,7.66,0,316.2,02:59:19,R14
102129,0.31,6.97,1,104.1,13:49:19,R19
102130,0.41,6.83,1,175.5,17:21:58,R17
102131,3.11,6.75,0,62.9,20:13:59,R15
102132,0.75,6.95,1,112.4,23:39:08,R19
102133,2.95,7.03,1,66.6,17:23:50,R21
102134,2.32,6.66,0,517.7,23:46:03,R11
102135,3.69,6.97,0,862.3,02:29:52,R9
102136,0.33,7.33,1,76.9,17:39:39,R18
102137,0.91,6.83,0,414.7,15:38:09,R13
102138,4.84,7.01,1,541.5,17:13:47,R20
102139,151.71,7.96,0,743.5,10:27:56,R6
102140,4.51,6.98,1,408.9,18:46:22,R20
102141,0.23,7.6,1,56.1,19:09:41,R18
102142,8.84,8.47,0,1172.7,16:14:34,R3
102143,4.76,7.03,1,242.7,00:36:39,R21
102144,1.74,6.97,1,244.2,14:38:34,R21
102145,4.11,7.01,1,410.0,23:18:09,R20
102146,0.87,6.86,1,74.7,10:23:42,R17
102147,3.94,6.97,1,167.5,15:15:35,R21
102148,0.66,7.09,0,1631.6,23:25:51,R4
102149,4.06,6.62,0,192.5,13:53:30,R15
102150,8.76,9.8,0,550.2,23:48:10,R2
102151,0.16,6.81,1,90.9,06:08:52,R17
102152,0.18,6.99,1,240.6,19:11:41,R19
102153,0.78,7.71,1,264.7,15:44:57,R18
102154,0.86,7.0,1,222.6,01:24:18,R19
102155,2.57,7.0,1,452.5,09:51:01,R20
102156,0.58,6.96,1,189.2,16:51:38,R19
102157,0.91,8.29,1,82.8,08:09:16,R18
102158,3.03,6.82,0,543.0,18:44:14,R11
102159,2.4,6.67,0,64.4,06:41:06,R15
102160,4.73,7.04,1,330.2,04:13:31,R20
102161,0.91,7.93,1,115.6,13:04:41,R18
102162,0.49,6.75,1,140.5,20:04:44,R17
102163,17.43,7.02,0,453.8,01:31:43,R10
102164,3.93,8.23,0,991.9,19:46:21,R3
102165,1.83,6.99,1,248.6,04:19:58,R21
102166,4.43,8.2,0,1038.2,17:24:40,R3
102167,17.55,6.8,0,944.4,16:37:54,R3
102168,7.57,7.9,0,797.3,17:41:23,R8
102169,105.82,8.48,0,399.0,00:54:38,R6
102170,3.22,7.03,1,438.7,12:44:30,R20
102171,5.78,9.44,0,575.6,21:49:54,R2
102172,0.68,8.31,1,215.5,20:30:45,R18
102173,2.96,6.85,0,497.4,13:35:42,R11
102174,0.3,8.25,1,197.8,05:42:31,R18
102175,10.58,7.02,0,496.4,01:15:11,R10
102176,0.66,7.02,1,244.8,06:08:56,R19
102177,0.9,7.0,1,286.3,14:35:47,R19
102178,0.59,6.73,1,205.0,07:32:25,R17
102179,0.33,7.56,1,191.7,03:59:39,R18
102180,77.56,7.41,0,170.6,16:47:51,R5
102181,5.22,9.83,0,87.2,17:15:14,R2
102182,0.62,7.26,1,188.3,06:30:13,R18
102183,0.73,7.28,1,58.8,09:07:20,R18
102184,4.29,8.14,0,1553.1,06:35:50,R4
102185,2.16,7.04,1,154.2,03:45:08,R21
102186,0.53,6.85,1,264.8,06:58:20,R17
102187,3.8,7.01,1,475.7,13:41:48,R20
102188,0.59,7.01,1,345.9,12:12:45,R22
102189,1.08,8.0,0,916.4,23:55:43,R3
102190,7.24,6.99,0,1576.1,17:44:03,R4
102191,5.43,7.08,0,1240.4,00:20:04,R4
102192,3.64,7.04,1,261.9,18:58:54,R21
102193,0.22,6.92,1,107.5,16:39:41,R17
102194,0.36,7.41,1,241.4,07:55:18,R18
102195,122.36,8.13,0,394.7,14:25:02,R6
102196,23.13,6.79,0,721.9,10:04:30,R7
102197,4.72,6.96,1,97.1,07:21:08,R21
102198,0.86,6.7,1,91.6,05:20:41,R17
102199,0.7,6.86,1,198.9,04:35:59,R17
102200,3.4,7.02,1,102.5,01:48:52,R21
102201,0.62,6.97,1,100.9,22:53:57,R19
102202,4.69,7.02,0,759.4,20:13:51,R9
102203,0.29,6.61,1,172.9,05:43:35,R17
102204,2.46,7.05,1,124.9,07:37:59,R21
102205,3.76,6.7,0,490.0,21:01:18,R11
102206,0.4,6.96,1,388.6,00:06:36,R22
102207,3.4,6.98,1,432.4,14:46:54,R20
102208,4.56,6.97,1,107.2,17:16:15,R21
102209,3.42,7.01,1,413.9,00:52:18,R20
102210,0.41,7.09,1,206.4,07:12:55,R18
102211,2.69,7.0,1,167.2,09:40:24,R21
102212,196.88,7.73,0,454.4,21:53:01,R6
102213,2.12,7.03,1,252.8,11:47:29,R21
102214,3.28,8.17,0,1288.0,20:43:48,R4
102215,2.95,6.97,1,494.1,15:20:57,R20
102216,0.41,6.93,0,455.6,13:13:54,R13
102217,3.95,7.05,1,478.2,09:29:09,R20
102218,166.92,8.01,0,115.0,06:02:08,R6
102219,0.77,7.6,1,259.0,01:24:38,R18
102220,1.52,6.8,0,125.8,04:23:52,R15
102221,1.66,7.01,1,322.2,23:09:19,R20
102222,0.38,7.79,1,51.4,15:31:49,R18
102223,2.67,6.96,1,390.9,22:33:42,R20
102224,3.71,6.74,0,147.3,06:59:36,R15
102225,0.47,6.98,1,476.9,17:36:31,R22
102226,3.68,7.0,1,83.7,09:51:55,R21
102227,0.68,7.93,0,509.5,01:43:34,R14
102228,0.91,7.0,1,536.7,03:52:23,R22
102229,0.84,7.03,1,380.8,05:47:21,R22
102230,3.12,9.42,0,713.3,22:54:16,R2
102231,4.22,7.89,0,171.4,06:18:17,R16
102232,106.67,8.11,0,190.2,14:46:51,R6
102233,4.4,7.67,0,143.6,03:04:02,R16
102234,11.8,4.77,0,466.4,05:52:57,R1
102235,0.52,7.0,1,390.6,02:26:32,R22
102236,1.86,7.02,1,551.5,20:49:51,R20
102237,10.08,7.0,0,489.3,05:33:10,R10
102238,2.89,7.03,1,528.5,17:50:23,R20
102239,4.33,6.96,1,183.6,11:34:32,R21
102240,0.85,7.81,1,114.1,01:40:45,R18
102241,0.65,6.79,1,216.1,09:49:51,R17
102242,6.52,6.95,0,1051.2,13:54:36,R3
102243,84.19,7.78,0,317.1,07:30:23,R5
102244,17.05,6.91,0,1775.8,05:00:15,R4
102245,4.61,7.02,1,439.3,13:56:26,R20
102246,1.6,6.71,0,342.3,22:06:29,R11
102247,4.46,6.89,0,330.3,10:59:08,R11
102248,3.89,7.04,1,506.3,07:23:21,R20
102249,0.59,8.08,0,352.0,15:30:25,R14
102250,3.4,7.02,1,411.3,14:23:36,R20
102251,25.65,7.73,0,582.3,06:33:07,R5
102252,0.46,6.64,1,104.7,04:34:06,R17
102253,4.89,6.98,1,266.2,18:49:16,R21
102254,3.41,6.99,1,104.9,22:56:47,R21
102255,0.21,7.02,1,398.3,16:44:58,R22
102256,3.66,6.96,1,94.6,23:06:30,R21
102257,0.61,6.97,1,326.7,07:36:59,R22
102258,1.37,6.95,1,453.1,13:43:27,R20
102259,10.03,7.63,0,1475.7,20:49:48,R4
102260,18.92,8.31,0,717.3,00:53:32,R8
102261,0.48,6.96,1,447.9,20:01:09,R22
102262,8.75,7.01,0,435.9,09:07:20,R10
102263,0.24,6.9,1,208.1,05:10:23,R17
102264,0.64,6.97,1,495.3,18:46:39,R22
102265,19.26,7.16,0,709.8,22:30:47,R8
102266,3.31,7.03,0,779.7,14:42:18,R9
102267,1.78,6.96,1,552.3,05:21:20,R20
102268,2.22,7.6,0,1040.2,14:21:44,R3
102269,4.4,7.01,1,199.9,16:14:44,R21
102270,0.46,8.09,1,150.3,01:12:13,R18
102271,2.7,6.98,1,225.8,13:49:17,R21
102272,0.12,7.01,1,420.0,18:00:20,R22
102273,4.17,6.96,1,140.1,18:20:02,R21
102274,10.71,7.15,0,1061.4,07:21:45,R3
102275,4.55,7.91,0,355.3,13:45:50,R12
102276,0.49,7.38,0,1340.6,08:11:17,R4
102277,1.83,7.4,0,575.6,07:48:34,R12
102278,3.23,7.03,1,235.5,14:58:07,R21
102279,139.61,7.27,0,692.4,16:53:32,R6
102280,0.93,7.03,1,163.1,10:08:48,R19
102281,19.91,7.92,0,1119.5,16:46:27,R3
102282,0.84,7.65,0,357.9,18:50:22,R14
102283,13.54,7.7,0,1645.0,03:39:53,R4
102284,0.59,7.02,1,427.6,07:37:36,R22
102285,3.17,7.7,0,925.6,22:49:14,R3
102286,0.64,7.28,1,75.1,19:02:04,R18
102287,32.53,8.22,0,692.1,00:50:14,R5
102288,7.15,7.88,0,825.6,00:45:08,R8
102289,0.31,6.77,1,286.6,04:11:31,R17
102290,0.72,7.04,1,450.0,00:09:35,R22
102291,1.36,7.41,0,534.9,16:01:30,R12
102292,0.53,7.17,1,289.2,15:52:54,R18
102293,17.73,4.05,0,165.3,21:33:18,R1
102294,1.84,6.67,0,110.3,18:45:13,R15
102295,114.44,7.66,0,427.1,11:04:15,R6
102296,0.79,7.01,1,327.2,17:29:20,R22
102297,0.87,6.84,1,89.0,13:16:23,R17
102298,0.74,7.68,0,581.1,08:17:09,R14
102299,2.23,7.04,1,227.4,16:49:21,R21
102300,0.21,7.7,1,78.2,04:30:58,R18
102301,3.22,7.02,1,538.8,19:15:42,R20
102302,0.33,7.76,1,91.2,21:36:24,R18
102303,3.2,6.99,1,405.3,16:27:00,R20
102304,6.07,4.49,0,228.1,09:42:23,R1
102305,2.27,4.16,0,414.6,21:28:54,R1
102306,0.43,7.03,1,540.6,04:56:25,R22
102307,0.25,6.84,1,148.1,09:58:45,R17
102308,16.33,6.97,0,399.5,16:30:24,R10
102309,0.28,7.03,1,401.9,01:11:35,R22
102310,0.87,6.95,1,65.0,18:43:21,R19
102311,0.66,7.96,0,535.2,08:23:49,R14
102312,0.49,7.0,1,243.5,12:39:30,R19
102313,5.01,4.67,0,199.0,23:59:10,R1
102314,2.88,7.02,1,239.0,16:19:55,R21
102315,2.14,6.99,0,735.1,22:28:02,R9
102316,1.61,6.99,1,326.3,03:25:01,R20
102317,13.23,6.71,0,636.2,18:14:56,R7
102318,0.82,7.95,1,163.9,02:57:45,R18
102319,9.99,7.7,0,1757.3,15:30:54,R4
102320,0.85,7.01,1,246.6,08:37:41,R19
102321,3.16,7.13,0,560.3,12:15:18,R12
102322,0.72,7.0,1,251.8,21:50:07,R19
102323,0.43,6.9,1,120.7,12:56:14,R17
102324,2.2,6.96,1,405.9,02:40:48,R20
102325,4.85,7.9,0,182.9,06:59:26,R16
102326,0.85,6.84,1,200.9,06:52:29,R17
102327,0.49,6.7,1,95.1,00:55:27,R17
102328,4.17,7.25,0,451.0,01:52:33,R12
102329,2.94,7.04,1,391.3,13:53:07,R20
102330,0.9,7.01,1,332.6,08:20:01,R22
102331,0.37,6.73,1,54.8,14:52:45,R17
102332,0.31,8.13,0,588.8,00:42:53,R14
102333,0.83,7.98,0,468.2,15:24:14,R14
102334,13.08,8.16,0,1341.0,05:26:44,R4
102335,3.75,7.32,0,369.1,06:33:06,R12
102336,3.97,6.99,1,72.2,13:49:21,R21
102337,7.82,9.35,0,734.9,16:57:36,R2
102338,3.56,7.87,0,200.4,00:54:56,R16
102339,13.63,8.18,0,684.2,04:39:58,R8
102340,0.72,6.96,1,422.6,19:03:40,R22
102341,0.85,7.01,1,382.8,18:20:19,R22
102342,18.58,7.41,0,1040.8,07:39:20,R3
102343,3.53,6.98,1,347.5,21:09:15,R20
102344,0.67,6.99,1,377.3,07:57:55,R22
102345,6.35,6.99,0,363.7,08:08:20,R10
102346,4.44,7.0,1,275.9,23:20:00,R21
102347,2.55,6.97,0,746.5,12:08:39,R9
102348,0.67,7.04,1,254.5,19:18:56,R19
102349,0.77,7.2,0,1774.8,02:55:12,R4
102350,0.89,7.04,1,100.0,13:42:47,R19
102351,9.44,7.57,0,987.7,09:25:52,R3
102352,0.61,8.17,1,58.9,15:50:49,R18
102353,0.13,6.64,1,61.0,11:18:39,R17
102354,14.13,6.65,0,875.3,01:32:29,R7
102355,19.08,4.68,0,766.7,00:21:10,R1
102356,0.11,6.72,1,231.9,09:50:11,R17
102357,2.13,6.66,0,228.4,07:44:07,R15
102358,2.65,7.93,0,129.0,04:19:44,R16
102359,3.36,8.18,0,1795.0,09:35:23,R4
102360,0.71,7.17,0,578.6,13:49:34,R14
102361,9.55,9.94,0,370.3,19:31:23,R2
102362,0.33,6.98,1,310.3,09:44:07,R22
102363,4.9,4.0,0,280.9,00:12:13,R1
102364,0.12,6.62,1,204.2,19:18:02,R17
102365,0.66,6.82,0,343.0,00:56:12,R13
102366,19.55,7.37,0,951.4,09:21:49,R3
102367,3.08,6.99,1,267.9,04:49:52,R21
102368,4.87,6.75,0,268.6,05:38:23,R15
102369,3.07,8.05,0,1491.2,08:58:13,R4
102370,3.12,6.98,1,526.5,16:56:04,R20
102371,109.85,7.86,0,727.5,09:14:03,R6
102372,110.18,7.07,0,77.3,04:05:52,R6
102373,6.26,9.47,0,148.5,06:16:44,R2
102374,6.02,6.38,0,95.2,09:12:11,R1
102375,1.38,6.99,1,107.0,05:22:00,R21
102376,0.67,7.01,1,572.1,07:02:12,R22
102377,0.7,6.6,1,245.7,12:57:47,R17
102378,10.41,7.71,0,1473.2,09:52:57,R4
102379,1.04,5.02,0,714.8,04:12:26,R1
102380,15.99,7.73,0,661.1,11:20:50,R8
102381,0.88,6.93,1,278.9,14:15:53,R17
102382,18.12,4.94,0,706.9,01:23:19,R1
102383,6.59,9.46,0,80.3,05:21:13,R2
102384,3.47,7.03,1,546.9,22:00:42,R20
102385,0.85,7.82,1,233.0,00:53:16,R18
102386,17.31,9.95,0,777.6,23:16:18,R2
102387,4.02,6.85,0,1586.1,21:34:49,R4
102388,115.2,7.23,0,608.3,08:49:45,R6
102389,0.93,6.96,1,345.3,16:19:31,R22
102390,8.66,9.79,0,186.4,22:44:30,R2
102391,0.89,8.97,0,366.3,20:13:02,R2
102392,0.6,8.33,1,86.8,09:51:52,R18
102393,3.54,7.0,1,418.5,06:17:19,R20
102394,0.53,7.0,1,191.7,11:57:05,R19
102395,15.72,5.04,0,366.6,14:04:50,R1
102396,4.72,7.03,1,567.2,19:36:00,R20
102397,0.82,7.03,1,256.7,13:27:06,R19
102398,4.45,6.69,0,203.7,00:43:41,R15
102399,0.33,8.13,1,216.7,03:11:20,R18
102400,108.54,8.32,0,490.5,01:24:08,R6
102401,0.2,7.02,1,502.7,12:08:55,R22
102402,0.9,7.02,1,500.3,17:55:28,R22
102403,3.41,7.04,1,232.1,22:59:48,R21
102404,1.97,6.98,1,549.4,18:27:36,R20
102405,4.81,6.98,1,66.1,03:03:43,R21
102406,0.88,7.95,1,92.1,02:52:37,R18
102407,17.92,7.07,0,1004.7,14:07:45,R3
102408,4.22,6.98,1,208.9,07:08:02,R21
102409,1.36,7.01,1,576.6,15:31:01,R20
102410,0.99,8.1,0,1569.8,18:43:13,R4
102411,131.46,8.29,0,296.8,22:24:55,R6
102412,4.89,7.03,1,255.9,00:32:49,R21
102413,1.45,6.99,1,285.3,17:44:27,R21
102414,3.18,6.97,1,173.6,00:25:01,R21
102415,2.75,7.16,0,1063.5,04:18:10,R3
102416,15.95,8.15,0,1459.2,11:14:55,R4
102417,0.89,7.02,1,289.6,01:48:10,R19
102418,16.25,8.06,0,991.6,17:10:09,R3
102419,9.16,6.95,0,561.1,16:56:43,R10
102420,18.21,9.19,0,426.5,19:29:49,R2
102421,73.8,7.36,0,740.0,16:39:39,R5
102422,0.7,7.0,0,1151.8,05:13:04,R3
102423,0.82,7.03,1,461.3,04:21:49,R22
102424,23.21,6.66,0,771.9,22:44:27,R7
102425,2.2,8.12,0,337.7,07:24:42,R12
102426,19.37,8.32,0,1301.2,21:58:34,R4
102427,0.56,7.05,1,272.5,04:59:17,R19
102428,9.24,8.29,0,1034.8,19:07:08,R3
102429,0.16,7.55,1,104.5,18:51:51,R18
102430,3.42,6.98,1,72.1,05:35:16,R21
102431,22.71,6.63,0,673.5,17:19:49,R7
102432,4.42,8.01,0,318.7,18:33:43,R12
102433,13.17,8.3,0,1262.1,17:00:52,R4
102434,68.7,7.49,0,391.6,12:02:06,R5
102435,0.4,7.02,1,199.0,05:03:50,R19
102436,3.16,7.0,1,423.2,16:15:27,R20
102437,1.24,9.1,0,350.0,21:21:52,R2
102438,0.17,7.51,1,245.6,02:55:05,R18
102439,0.16,6.65,1,242.5,12:35:16,R17
102440,0.17,6.98,1,55.0,10:01:37,R19
102441,4.42,6.98,1,391.2,10:32:11,R20
102442,17.7,9.64,0,460.0,02:47:02,R2
102443,48.1,6.92,0,395.5,03:32:28,R5
102444,8.76,5.49,0,796.8,11:26:20,R1
102445,2.59,7.02,1,502.8,06:55:36,R20
102446,6.6,7.63,0,784.5,18:07:18,R8
102447,2.45,8.67,0,675.6,00:12:51,R2
102448,13.68,7.51,0,1006.9,09:09:28,R3
102449,0.35,7.95,1,99.2,02:10:22,R18
102450,3.46,6.64,0,74.2,17:44:23,R15
102451,2.25,6.68,0,135.4,01:15:12,R15
102452,0.4,6.75,1,267.0,05:31:18,R17
102453,0.56,6.62,1,177.5,05:15:40,R17
102454,0.75,6.96,1,208.5,07:18:33,R19
102455,1.92,6.98,1,382.6,11:16:19,R20
102456,0.77,7.71,0,439.5,03:02:42,R14
102457,0.59,7.01,1,380.8,07:33:59,R22
102458,4.2,7.0,1,424.6,02:25:28,R20
102459,0.15,6.73,0,500.8,18:52:50,R13
102460,0.22,7.04,1,423.8,16:39:41,R22
102461,80.88,7.57,0,232.3,10:47:53,R5
102462,1.32,6.99,1,62.5,15:26:20,R21
102463,0.63,8.12,1,126.5,12:04:26,R18
102464,0.66,7.0,1,75.3,23:32:57,R19
102465,2.5,6.73,0,1234.0,12:37:24,R4
102466,67.24,6.97,0,670.2,15:44:31,R5
102467,0.31,6.7,0,514.7,09:47:16,R13
102468,14.82,6.72,0,1078.7,23:23:03,R3
102469,3.86,6.73,0,338.8,18:39:28,R11
102470,13.57,7.46,0,1767.4,15:47:43,R4
102471,0.13,6.99,1,324.2,13:14:13,R22
102472,10.43,7.7,0,629.7,15:50:00,R8
102473,2.77,6.65,0,336.9,19:46:32,R11
102474,3.25,6.62,0,318.7,02:36:36,R11
102475,4.01,6.96,1,283.5,11:25:48,R21
102476,2.11,6.99,1,170.4,02:47:20,R21
102477,0.23,6.81,1,87.4,05:46:46,R17
102478,116.1,8.37,0,308.4,23:16:22,R6
102479,11.51,9.68,0,781.6,14:50:51,R2
102480,4.65,7.05,1,210.3,08:13:30,R21
102481,16.1,7.16,0,870.0,11:17:34,R8
102482,0.26,6.96,1,225.6,18:38:17,R19
102483,0.61,6.62,0,534.3,15:05:13,R13
102484,4.15,8.89,0,147.8,15:14:29,R2
102485,1.45,6.96,1,562.7,06:17:20,R20
102486,0.46,6.98,1,247.4,20:27:52,R19
102487,5.44,6.87,0,624.6,23:48:01,R7
102488,3.0,6.99,1,72.5,17:51:27,R21
102489,12.5,9.71,0,755.7,00:00:51,R2
102490,0.13,7.02,1,325.9,08:14:01,R22
102491,11.24,8.66,0,291.6,20:31:07,R2
102492,0.35,6.97,1,469.0,21:04:19,R22
102493,38.17,8.33,0,465.6,09:15:43,R5
102494,4.07,7.03,1,175.9,09:55:51,R21
102495,0.71,6.98,1,196.5,23:25:15,R19
102496,0.57,6.96,1,409.3,03:44:13,R22
102497,0.86,7.03,1,321.2,20:34:14,R22
102498,0.76,7.81,1,65.8,08:51:05,R18
102499,15.69,7.41,0,909.1,11:15:47,R3
102500,0.51,6.99,1,497.4,08:36:28,R22
102501,2.9,6.95,1,521.7,03:34:28,R20
102502,137.13,7.98,0,199.8,10:10:18,R6
102503,156.5,8.01,0,259.8,23:51:27,R6
102504,0.62,6.75,1,119.9,19:38:08,R17
102505,12.1,8.22,0,1049.5,05:20:59,R3
102506,0.4,6.84,1,198.4,12:27:16,R17
102507,4.25,7.03,1,243.2,11:03:57,R21
102508,2.89,6.96,1,417.5,01:54:24,R20
102509,5.55,7.7,0,791.5,04:26:22,R8
102510,18.58,4.17,0,593.0,11:04:33,R1
102511,0.53,8.31,1,125.9,05:05:10,R18
102512,40.64,8.05,0,585.2,05:40:21,R5
102513,13.42,6.96,0,460.2,16:48:53,R10
102514,13.93,7.03,0,1063.0,19:48:28,R3
102515,3.04,6.74,0,58.5,19:26:53,R15
102516,0.2,7.04,1,380.2,08:32:18,R22
102517,0.22,7.68,0,1172.1,05:46:11,R3
102518,4.39,7.01,0,670.3,00:42:34,R9
102519,0.93,7.36,1,289.1,13:42:02,R18
102520,0.11,6.68,1,281.2,17:37:10,R17
102521,3.43,8.33,0,327.7,03:24:14,R12
102522,21.5,7.71,0,816.8,12:09:13,R8
102523,0.36,7.48,0,428.9,10:03:07,R14
102524,3.46,7.02,1,155.4,09:17:18,R21
102525,4.24,6.62,0,440.1,02:21:21,R11
102526,0.5,6.63,1,168.0,23:01:31,R17
102527,0.38,7.02,1,547.1,09:45:37,R22
102528,0.95,6.65,0,329.3,14:27:11,R13
102529,3.99,9.38,0,450.9,20:36:38,R2
102530,34.12,8.19,0,211.6,21:14:13,R5
102531,0.71,7.05,1,359.6,18:45:09,R22
102532,4.87,7.01,1,189.4,22:33:03,R21
102533,1.95,7.1,0,79.5,07:02:52,R16
102534,3.49,6.95,1,250.9,13:18:13,R21
102535,0.23,6.96,1,587.9,21:35:03,R22
102536,1.89,8.81,0,273.5,20:27:59,R2
102537,2.22,6.99,1,498.4,00:49:36,R20
102538,0.13,6.7,1,191.8,08:51:11,R17
102539,2.03,6.96,1,412.4,17:05:38,R20
102540,4.83,6.96,1,484.3,03:13:58,R20
102541,0.37,7.04,1,564.6,16:15:30,R22
102542,0.47,6.96,1,352.4,16:12:42,R22
102543,17.19,6.85,0,1605.7,13:28:19,R4
102544,2.48,7.05,1,466.2,14:12:43,R20
102545,4.11,7.05,1,574.0,16:51:07,R20
102546,2.24,7.37,0,1557.6,09:28:50,R4
102547,0.16,6.78,1,288.3,16:28:15,R17
102548,5.07,4.35,0,787.1,19:19:29,R1
102549,0.66,7.3,1,239.5,09:48:40,R18
102550,0.64,7.01,1,151.1,22:15:40,R19
102551,0.56,7.8,0,530.5,00:44:25,R14
102552,1.96,6.99,1,113.4,06:35:12,R21
102553,18.66,9.38,0,310.3,08:57:09,R2
102554,0.63,7.02,1,375.3,14:53:37,R22
102555,0.73,6.99,1,60.1,15:30:24,R19
102556,0.93,6.82,1,224.3,13:05:42,R17
102557,9.55,9.63,0,77.5,08:37:21,R2
102558,0.65,7.03,1,117.0,17:40:22,R19
102559,0.16,7.02,1,279.6,18:14:38,R19
102560,2.32,6.97,1,395.2,13:51:12,R20
102561,0.1,7.03,1,183.0,23:23:38,R19
102562,22.14,7.04,0,433.3,02:44:02,R10
102563,3.74,7.7,0,288.1,06:41:26,R16
102564,9.07,6.69,0,824.8,00:57:20,R7
102565,0.78,7.01,1,408.9,21:07:43,R22
102566,0.16,7.66,1,52.8,06:49:31,R18
102567,2.13,6.95,1,281.6,02:14:22,R21
102568,3.06,6.96,1,558.8,01:31:39,R20
102569,0.17,7.03,1,393.1,11:50:42,R22
102570,0.63,6.91,1,159.4,12:37:06,R17
102571,0.5,7.01,1,355.2,09:18:42,R22
102572,0.2,7.01,1,439.9,04:26:05,R22
102573,0.12,6.9,1,60.9,18:07:30,R17
102574,0.63,7.02,1,72.9,23:49:58,R19
102575,3.67,8.48,0,1045.6,00:26:26,R3
102576,0.27,7.01,1,141.7,19:44:37,R19
102577,10.91,6.79,0,841.2,00:24:56,R7
102578,13.88,8.16,0,755.1,23:10:58,R8
102579,1.72,5.07,0,511.6,06:51:40,R1
102580,0.42,6.95,1,139.8,02:41:27,R17
102581,145.93,7.32,0,277.1,18:46:58,R6
102582,0.6,7.05,1,194.5,02:50:03,R19
102583,0.77,6.73,0,422.6,23:57:56,R13
102584,0.25,7.93,0,426.5,04:05:32,R14
102585,0.56,6.67,1,264.2,21:30:55,R17
102586,12.41,6.92,0,870.4,12:49:44,R7
102587,9.66,6.76,0,1158.2,23:49:27,R3
102588,6.23,6.76,0,887.0,20:48:08,R7
102589,14.35,7.06,0,1104.0,12:28:20,R3
102590,0.35,7.64,0,455.7,12:12:43,R14
102591,3.86,6.97,1,50.5,04:13:05,R21
102592,0.78,7.0,1,66.2,04:03:14,R19
102593,0.64,6.98,1,317.8,07:59:06,R22
102594,0.32,6.61,1,268.2,22:29:43,R17
102595,0.29,6.93,1,195.5,22:35:10,R17
102596,1.55,7.01,1,66.1,15:16:47,R21
102597,0.57,6.91,0,408.0,10:24:30,R13
102598,0.82,7.97,1,68.3,23:43:50,R18
102599,0.49,6.82,1,138.5,19:42:16,R17
102600,2.71,7.02,1,213.2,21:56:37,R21
102601,0.67,7.21,0,530.0,00:43:11,R14
102602,55.13,7.54,0,142.5,21:44:19,R5
102603,1.84,7.02,1,218.5,16:35:20,R21
102604,3.61,6.68,0,430.1,09:49:12,R11
102605,4.03,6.99,1,541.7,00:46:52,R20
102606,0.64,7.0,1,375.4,06:26:59,R22
102607,2.1,6.96,1,501.1,11:12:00,R20
102608,9.15,7.0,0,364.2,04:16:24,R10
102609,1.86,7.01,1,193.8,06:47:19,R21
102610,1.95,7.02,1,115.0,14:27:33,R21
102611,3.75,7.48,0,244.5,05:15:03,R16
102612,3.6,6.92,0,71.8,16:23:16,R15
102613,0.55,7.66,1,204.5,00:15:40,R18
102614,0.48,7.1,1,79.3,13:49:14,R18
102615,1.66,7.98,0,165.6,03:19:37,R16
102616,0.32,6.95,1,122.8,02:53:11,R19
102617,0.51,8.1,1,59.5,12:36:08,R18
102618,3.98,7.03,1,144.1,11:46:57,R21
102619,7.66,6.88,0,743.6,10:55:15,R7
102620,0.12,6.78,1,152.6,01:48:59,R17
102621,120.12,7.02,0,635.4,11:45:48,R6
102622,9.7,7.03,0,389.9,13:52:07,R10
102623,2.17,6.96,1,156.3,21:44:12,R21
102624,125.32,8.23,0,525.3,01:24:44,R6
102625,0.27,8.2,0,463.6,06:35:25,R14
102626,0.15,7.0,1,68.5,00:17:10,R19
102627,1.31,7.03,1,289.3,07:22:32,R21
102628,10.41,4.22,0,178.9,19:24:15,R1
102629,2.13,7.02,1,241.2,22:16:56,R21
102630,0.45,8.35,1,85.7,17:58:52,R18
102631,0.78,7.01,1,406.7,06:39:56,R22
102632,0.18,6.97,1,178.6,02:15:35,R19
102633,1.51,7.77,0,563.5,22:07:28,R12
102634,53.06,6.89,0,324.9,05:50:19,R5
102635,4.5,6.98,1,530.9,08:18:19,R20
102636,193.66,6.85,0,452.6,20:11:35,R6
102637,0.25,7.33,1,56.4,15:40:09,R18
102638,0.45,7.42,1,286.2,21:45:11,R18
102639,22.77,6.82,0,725.3,12:11:52,R7
102640,17.75,6.98,0,585.4,10:55:29,R10
102641,3.85,7.71,0,1312.0,15:11:20,R4
102642,0.78,6.82,1,259.2,09:47:57,R17
102643,0.44,8.21,1,249.3,21:36:30,R18
102644,1.32,7.09,0,387.0,07:12:30,R12
102645,11.06,8.27,0,973.5,12:18:08,R3
102646,4.64,7.02,1,185.8,14:09:20,R21
102647,4.05,7.28,0,540.1,19:36:11,R12
102648,0.85,6.97,1,179.6,16:09:21,R19
102649,12.75,4.84,0,285.3,20:56:10,R1
102650,1.27,7.0,1,150.6,07:11:27,R21
102651,3.21,7.02,1,332.0,18:38:33,R20
102652,0.79,6.99,1,543.4,01:19:27,R22
102653,1.43,7.03,1,560.1,10:34:20,R20
102654,4.38,7.02,1,251.1,08:08:27,R21
102655,0.64,7.04,1,566.6,18:59:39,R22
102656,115.69,7.1,0,377.1,02:46:49,R6
102657,9.5,6.87,0,648.2,21:03:38,R7
102658,1.87,6.66,0,289.0,02:53:10,R15
102659,15.23,8.88,0,731.6,05:54:37,R2
102660,0.82,7.94,1,216.1,12:12:51,R18
102661,11.09,6.98,0,369.1,00:49:39,R10
102662,0.91,6.62,1,117.4,01:12:07,R17
102663,2.3,7.04,0,843.2,21:12:28,R9
102664,22.27,7.31,0,754.8,02:35:38,R8
102665,4.69,6.96,1,139.7,02:45:59,R21
102666,8.71,7.89,0,620.9,01:25:13,R8
102667,0.67,7.6,1,128.5,00:39:03,R18
102668,4.16,9.65,0,459.3,19:43:24,R2
102669,3.77,7.03,1,403.0,19:33:40,R20
102670,0.88,7.72,1,150.5,06:19:11,R18
102671,2.54,7.0,0,694.9,14:30:34,R9
102672,0.25,7.07,1,209.2,15:53:42,R18
102673,2.22,6.95,1,349.2,17:47:12,R20
102674,0.69,8.03,1,168.9,09:26:43,R18
102675,65.86,8.35,0,121.1,12:36:38,R5
102676,0.23,6.7,1,189.5,23:23:42,R17
102677,0.67,7.01,1,194.8,15:56:58,R19
102678,183.52,8.5,0,68.6,02:14:47,R6
102679,48.98,6.92,0,198.3,17:10:24,R5
102680,0.5,6.87,0,1205.2,17:15:38,R4
102681,9.16,8.39,0,825.7,22:42:04,R8
102682,0.34,6.92,1,64.7,22:34:07,R17
102683,0.15,6.72,1,82.3,00:32:14,R17
102684,0.66,7.01,1,572.8,05:16:01,R22
102685,0.63,6.79,1,267.6,18:01:14,R17
102686,134.67,7.69,0,381.4,12:40:45,R6
102687,18.22,8.14,0,628.4,22:54:13,R8
102688,0.72,6.94,1,79.8,06:04:31,R17
102689,2.26,6.97,1,559.3,00:00:50,R20
102690,2.79,6.97,1,166.9,21:12:27,R21
102691,3.74,6.96,1,479.1,21:00:46,R20
102692,0.73,7.03,1,58.5,02:33:36,R19
102693,0.44,7.69,0,1587.1,18:43:03,R4
102694,22.71,6.84,0,723.4,00:17:29,R7
102695,7.81,9.63,0,97.8,11:04:40,R2
102696,4.8,7.04,1,199.4,20:05:53,R21
102697,10.55,7.82,0,993.9,06:46:03,R3
102698,1.96,6.99,1,265.0,07:19:34,R21
102699,12.73,5.96,0,141.9,20:47:12,R1
102700,0.27,6.76,1,238.4,23:17:06,R17
102701,3.86,6.09,0,461.7,22:08:01,R1
102702,0.46,7.04,1,62.5,20:39:29,R19
102703,0.16,6.93,1,93.5,14:11:17,R17
102704,14.9,9.25,0,220.2,23:08:09,R2
102705,3.74,7.05,1,335.0,23:10:55,R20
102706,1.78,7.4,0,1510.4,04:17:35,R4
102707,16.53,6.77,0,1761.9,07:03:33,R4
102708,1.46,9.08,0,536.3,04:44:41,R2
102709,0.71,6.96,1,256.4,06:35:16,R19
102710,4.8,7.0,1,325.3,05:03:36,R20
102711,0.82,8.13,1,208.0,14:39:23,R18
102712,0.89,6.72,1,77.2,20:33:45,R17
102713,126.77,7.54,0,721.1,10:32:35,R6
102714,4.06,7.35,0,499.6,11:51:29,R12
102715,0.51,6.67,1,138.9,07:07:10,R17
102716,0.75,7.49,1,167.3,00:30:50,R18
102717,20.11,6.66,0,689.9,02:10:26,R7
102718,12.44,6.98,0,1004.7,22:12:35,R3
102719,0.33,7.62,1,55.4,09:43:56,R18
102720,3.46,7.02,1,219.6,10:28:38,R21
102721,2.97,8.34,0,1327.0,22:16:06,R4
102722,0.12,6.75,0,421.5,18:58:03,R13
102723,3.32,7.03,1,556.1,23:42:19,R20
102724,1.24,7.75,0,158.1,14:47:24,R16
102725,0.69,6.98,1,74.3,20:00:00,R19
102726,14.18,8.36,0,1159.6,22:42:19,R3
102727,4.65,7.08,0,225.8,08:40:12,R16
102728,0.45,6.84,0,316.8,06:21:55,R13
102729,3.88,7.01,1,554.6,17:15:41,R20
102730,3.43,7.02,1,282.4,17:05:04,R21
102731,0.72,7.67,1,258.4,05:25:15,R18
102732,0.18,6.96,1,398.2,00:51:52,R22
102733,16.92,9.64,0,653.8,10:04:14,R2
102734,0.43,6.68,1,265.9,12:11:56,R17
102735,0.48,8.4,1,152.3,19:35:46,R18
102736,2.55,7.54,0,443.1,23:33:46,R12
102737,2.51,7.76,0,535.7,13:49:22,R12
102738,0.23,6.68,1,74.4,09:35:15,R17
102739,0.88,7.79,0,1359.7,21:27:56,R4
102740,16.12,9.33,0,198.2,12:32:35,R2
102741,19.53,9.5,0,588.3,13:33:43,R2
102742,0.61,7.05,1,461.5,06:24:43,R22
102743,12.16,6.86,0,1040.4,10:58:21,R3
102744,3.36,7.31,0,433.4,04:40:18,R12
102745,0.63,7.84,1,133.0,00:21:33,R18
102746,0.8,8.23,1,57.0,20:22:57,R18
102747,2.75,6.99,1,343.9,18:51:42,R20
102748,6.87,9.26,0,690.9,01:08:04,R2
102749,5.7,8.47,0,1692.5,13:53:48,R4
102750,3.07,7.05,1,324.5,14:17:47,R20
102751,3.41,7.8,0,1449.7,22:39:03,R4
102752,13.34,7.5,0,824.2,13:48:28,R8
102753,9.74,7.73,0,852.4,04:25:26,R8
102754,0.69,7.05,1,92.1,19:48:21,R19
102755,0.43,8.05,0,472.6,04:37:53,R14
102756,1.82,7.02,1,311.2,06:10:26,R20
102757,18.16,7.52,0,1738.5,09:38:35,R4
102758,0.18,6.9,0,363.9,13:01:50,R13
102759,4.02,7.03,1,199.7,09:25:41,R21
102760,2.57,7.03,1,360.9,10:11:13,R20
102761,68.33,8.37,0,592.7,11:14:33,R5
102762,0.53,6.72,0,427.2,09:04:19,R13
102763,0.28,7.05,1,392.3,08:25:15,R22
102764,0.34,6.86,1,242.8,23:20:08,R17
102765,0.29,8.05,1,158.5,15:35:11,R18
102766,1.8,7.01,1,496.6,15:03:21,R20
102767,0.82,6.86,1,187.9,00:29:23,R17
102768,2.11,6.64,0,429.1,07:10:50,R11
102769,0.65,7.55,1,115.0,06:43:19,R18
102770,0.5,6.82,1,262.9,16:54:09,R17
102771,2.99,7.34,0,70.1,02:39:03,R16
102772,1.37,6.95,0,733.9,16:43:13,R9
102773,2.79,7.02,1,336.7,07:54:17,R20
102774,19.1,6.75,0,833.9,22:25:35,R7
102775,2.77,6.96,0,875.3,02:30:16,R9
102776,0.62,6.8,1,73.3,23:13:52,R17
102777,0.32,7.02,1,409.8,20:08:18,R22
102778,0.49,7.84,1,146.2,10:04:46,R18
102779,3.53,6.96,1,312.2,22:12:41,R20
102780,2.48,7.02,1,151.5,05:45:08,R21
102781,0.69,7.54,1,145.1,23:16:59,R18
102782,2.8,6.69,0,977.7,13:13:58,R3
102783,75.55,7.47,0,758.8,03:56:56,R5
102784,13.0,7.1,0,903.7,07:59:28,R3
102785,14.61,4.33,0,553.8,07:47:28,R1
102786,1.81,7.85,0,192.5,19:28:00,R16
102787,0.83,6.82,0,425.6,19:08:38,R13
102788,18.53,8.77,0,280.8,03:42:32,R2
102789,0.42,7.03,1,371.9,08:49:43,R22
102790,4.77,7.0,1,373.8,22:23:51,R20
102791,180.78,8.15,0,178.8,02:37:16,R6
102792,2.38,6.96,1,519.6,00:06:01,R20
102793,19.66,9.0,0,278.4,13:52:44,R2
102794,21.58,6.98,0,479.1,04:35:11,R10
102795,149.13,6.62,0,196.1,06:31:44,R6
102796,1.96,6.96,1,216.1,00:01:34,R21
102797,0.27,6.98,1,207.0,18:09:19,R19
102798,13.65,6.63,0,610.4,04:38:43,R7
102799,8.41,7.75,0,1578.0,06:19:18,R4
102800,0.73,6.67,0,448.6,22:22:43,R13
102801,0.65,6.96,1,55.7,05:38:00,R19
102802,0.57,7.0,1,243.4,06:47:46,R19
102803,108.61,7.11,0,421.1,10:28:30,R6
102804,0.74,7.85,1,66.1,01:34:59,R18
102805,16.12,8.1,0,1320.5,19:30:29,R4
102806,0.9,8.23,1,176.9,10:55:07,R18
102807,3.36,7.11,0,170.7,03:13:31,R16
102808,3.04,6.93,0,82.6,00:48:42,R15
102809,1.92,6.98,1,536.0,04:52:05,R20
102810,0.45,6.81,1,163.2,05:49:54,R17
102811,2.3,6.98,1,478.4,16:29:57,R20
102812,0.86,7.01,1,494.0,02:36:20,R22
102813,0.44,6.99,1,463.6,09:45:22,R22
102814,0.48,7.38,1,259.0,22:56:12,R18
102815,0.25,6.61,1,204.9,06:51:52,R17
102816,97.18,7.76,0,167.9,18:33:34,R5
102817,0.29,7.03,1,372.8,14:36:58,R22
102818,2.88,7.04,0,807.3,15:13:12,R9
102819,0.61,6.62,1,257.9,06:16:37,R17
102820,198.08,8.21,0,595.4,23:00:48,R6
102821,169.95,7.92,0,466.9,19:33:49,R6
102822,0.17,7.0,1,82.0,16:18:52,R19
102823,12.94,4.78,0,370.6,05:44:52,R1
102824,1.24,6.83,0,253.4,16:19:14,R15
102825,3.67,7.36,0,91.1,10:07:06,R16
102826,12.79,6.99,0,449.0,17:04:16,R10
102827,0.24,8.39,0,465.6,05:59:04,R14
102828,2.29,6.84,0,531.3,16:19:29,R11
102829,1.29,7.03,1,88.6,04:31:03,R21
102830,4.04,6.77,0,336.2,17:13:05,R11
102831,0.78,8.23,1,221.4,22:32:28,R18
102832,92.06,7.84,0,700.1,22:20:22,R5
102833,0.48,7.01,1,76.6,10:59:03,R19
102834,28.87,7.7,0,455.2,07:07:06,R5
102835,2.01,6.99,1,106.2,21:39:50,R21
102836,0.52,6.75,1,79.3,19:18:39,R17
102837,13.04,7.83,0,939.2,13:40:45,R3
102838,0.7,6.98,1,238.4,11:42:26,R19
102839,1.92,8.14,0,1183.6,11:08:11,R3
102840,4.63,7.03,1,118.6,23:17:57,R21
102841,1.81,7.45,0,173.6,01:25:50,R16
102842,4.28,7.18,0,115.4,16:57:37,R16
102843,2.63,7.78,0,493.1,02:42:53,R12
102844,2.43,7.03,1,166.4,08:05:10,R21
102845,158.16,7.08,0,740.6,01:11:15,R6
102846,0.59,7.28,0,373.5,16:00:26,R14
102847,0.84,8.14,1,190.5,09:04:37,R18
102848,0.79,7.12,0,354.4,15:44:35,R14
102849,0.36,6.69,1,169.3,15:22:12,R17
102850,6.27,6.63,0,757.5,13:21:25,R7
102851,2.14,6.95,1,189.9,18:57:27,R21
102852,101.0,6.75,0,405.8,12:41:09,R6
102853,15.64,8.12,0,1264.2,06:12:03,R4
102854,2.98,6.97,0,759.0,13:38:51,R9
102855,7.21,6.44,0,326.9,07:04:25,R1
102856,2.5,5.86,0,175.9,03:11:18,R1
102857,0.31,7.99,1,180.3,00:30:18,R18
102858,1.9,6.97,0,816.7,04:41:55,R9
102859,5.58,9.11,0,753.6,13:37:48,R2
102860,0.49,7.23,0,375.4,09:56:14,R14
102861,0.41,7.01,1,94.3,16:56:23,R19
102862,2.08,6.61,0,412.7,02:13:44,R11
102863,0.69,6.98,1,185.6,10:59:53,R19
102864,0.13,7.55,1,287.0,04:45:01,R18
102865,0.52,6.65,1,272.4,16:33:25,R17
102866,0.33,7.17,1,260.6,10:34:13,R18
102867,84.57,7.69,0,228.8,14:46:41,R5
102868,98.11,8.22,0,167.5,18:15:04,R5
102869,0.92,7.05,1,181.9,16:17:12,R19
102870,3.71,7.05,1,455.3,10:07:37,R20
102871,0.38,6.97,1,533.8,13:15:04,R22
102872,4.2,8.83,0,774.4,07:41:27,R2
102873,12.31,7.7,0,858.3,06:41:23,R8
102874,19.44,7.66,0,917.3,16:20:03,R3
102875,9.49,8.1,0,825.9,14:39:41,R8
102876,3.12,6.96,1,103.4,07:29:16,R21
102877,154.08,7.37,0,413.8,08:04:29,R6
102878,13.13,6.6,0,699.6,12:44:50,R7
102879,3.98,6.97,1,150.4,00:41:54,R21
102880,3.6,7.5,0,231.2,18:01:47,R16
102881,2.45,7.01,1,78.1,18:39:26,R21
102882,0.51,7.03,1,280.3,14:49:45,R19
102883,1.08,8.2,0,1210.5,20:13:18,R4
102884,2.02,8.24,0,471.6,10:00:36,R12
102885,1.47,5.56,0,656.2,23:38:28,R1
102886,26.45,7.63,0,108.1,02:07:17,R5
102887,4.17,8.35,0,504.1,19:29:49,R12
102888,2.11,7.03,1,311.1,17:25:31,R20
102889,0.45,6.96,1,409.4,20:16:48,R22
102890,16.51,6.76,0,665.7,19:11:54,R7
102891,1.73,7.01,1,455.6,13:51:17,R20
102892,0.54,8.29,1,258.8,20:51:54,R18
102893,1.45,7.04,1,98.8,07:30:32,R21
102894,6.91,9.89,0,367.8,15:34:31,R2
102895,0.57,6.97,1,556.2,16:18:07,R22
102896,0.89,6.87,1,131.8,09:02:33,R17
102897,3.05,7.01,1,526.1,02:44:42,R20
102898,0.26,6.7,1,234.7,14:39:10,R17
102899,0.18,7.03,1,570.5,19:26:11,R22
102900,0.21,7.52,0,436.6,02:39:22,R14
102901,4.06,6.98,1,526.7,16:55:51,R20
102902,8.84,6.63,0,864.6,14:26:38,R7
102903,0.65,8.33,0,349.7,02:14:17,R14
102904,4.8,6.82,0,398.6,06:30:04,R11
102905,1.22,7.02,1,166.2,10:33:32,R21
102906,16.61,5.15,0,671.5,23:19:50,R1
102907,9.94,6.93,0,1341.2,13:37:52,R4
102908,0.51,7.03,1,65.7,13:55:55,R19
102909,3.69,7.04,1,52.9,00:06:40,R21
102910,157.69,7.21,0,187.9,23:46:58,R6
102911,0.23,7.04,1,177.9,01:13:33,R19
102912,4.85,6.61,0,344.5,00:26:01,R11
102913,23.27,7.02,0,427.9,21:14:46,R10
102914,0.12,8.02,1,208.1,06:33:30,R18
102915,3.41,7.22,0,441.2,03:56:56,R12
102916,0.91,7.66,0,550.3,15:04:45,R14
102917,1.28,6.78,0,253.6,22:47:20,R15
102918,1.88,7.03,1,158.3,23:50:51,R21
102919,0.77,6.79,0,506.8,15:40:40,R13
102920,4.82,6.97,1,489.3,14:15:25,R20
102921,0.48,7.02,1,332.4,09:20:55,R22
102922,18.66,5.67,0,649.0,09:30:37,R1
102923,0.32,6.96,1,117.7,06:43:54,R19
102924,0.28,7.01,1,469.7,13:47:23,R22
102925,1.41,6.61,0,372.5,19:32:23,R11
102926,12.96,6.72,0,1145.9,00:27:11,R3
102927,2.35,8.03,0,217.5,09:38:50,R16
102928,4.59,7.93,0,134.1,23:59:17,R16
102929,0.76,7.3,1,258.5,04:40:58,R18
102930,2.25,6.97,1,552.7,14:23:31,R20
102931,0.38,7.72,1,193.2,15:45:01,R18
102932,3.0,7.01,1,115.7,22:35:07,R21
102933,4.56,6.97,1,531.9,21:54:56,R20
102934,0.21,6.7,0,310.1,19:10:20,R13
102935,0.11,6.67,1,82.7,14:20:54,R17
102936,0.27,7.33,1,265.5,10:21:13,R18
102937,1.95,6.76,0,178.9,13:57:46,R15
102938,3.0,6.99,1,392.6,05:36:43,R20
102939,11.91,7.98,0,645.6,09:12:05,R8
102940,0.93,6.99,1,424.7,06:44:42,R22
102941,8.52,6.98,0,497.0,02:28:51,R10
102942,4.54,6.6,0,519.5,14:34:31,R11
102943,1.89,6.96,1,187.0,05:32:10,R21
102944,21.65,6.71,0,814.2,08:56:28,R7
102945,0.58,8.02,1,121.3,20:35:20,R18
102946,9.56,4.13,0,588.1,14:52:33,R1
102947,0.2,6.98,1,149.3,04:08:41,R19
102948,145.4,6.96,0,642.9,21:43:43,R6
102949,5.56,7.26,0,1557.8,13:53:09,R4
102950,0.57,6.95,1,289.2,16:56:47,R17
102951,1.63,7.01,1,177.8,19:36:53,R21
102952,1.52,6.98,0,660.9,16:29:40,R9
102953,0.41,7.01,1,514.5,00:33:34,R22
102954,0.67,6.96,1,311.2,10:53:13,R22
102955,0.16,7.46,1,220.0,13:10:18,R18
102956,7.32,5.68,0,572.8,05:09:14,R1
102957,0.6,7.72,1,165.3,11:24:54,R18
102958,0.27,7.98,1,153.3,16:01:03,R18
102959,0.72,7.01,1,314.5,07:47:15,R22
102960,2.53,7.01,1,323.5,04:23:28,R20
102961,0.36,6.98,1,85.7,22:47:05,R19
102962,2.36,7.03,1,185.9,07:00:51,R21
102963,0.67,6.98,1,422.8,18:33:54,R22
102964,15.98,9.9,0,203.6,17:10:31,R2
102965,1.43,6.66,0,132.7,21:39:51,R15
102966,0.45,7.03,1,78.4,14:22:38,R19
102967,0.83,6.73,1,77.8,15:28:36,R17
102968,1.25,7.02,1,105.7,09:45:23,R21
102969,4.55,6.99,0,839.4,11:21:11,R9
102970,12.91,8.06,0,935.0,17:28:00,R3
102971,1.26,6.96,1,384.4,05:52:13,R20
102972,3.76,9.55,0,275.7,03:52:11,R2
102973,180.89,7.86,0,316.6,11:22:43,R6
102974,1.26,6.94,0,73.4,14:45:29,R15
102975,4.09,7.35,0,432.8,18:14:03,R12
102976,1.67,7.23,0,171.6,17:11:00,R16
102977,2.83,7.03,1,543.4,03:45:41,R20
102978,20.37,6.77,0,860.9,00:36:18,R7
102979,0.57,6.93,1,227.1,04:57:31,R17
102980,4.51,6.96,0,655.5,08:02:47,R9
102981,28.94,7.24,0,351.7,11:22:42,R5
102982,1.33,6.97,1,320.9,08:34:41,R20
102983,2.73,6.95,1,344.8,14:09:59,R20
102984,0.81,8.22,1,220.0,07:17:58,R18
102985,0.27,6.94,1,267.3,12:30:34,R17
102986,0.42,6.95,1,149.0,10:50:01,R17
102987,13.56,9.65,0,756.0,15:26:49,R2
102988,1.39,6.98,0,764.7,15:47:40,R9
102989,0.35,7.53,1,118.9,07:41:33,R18
102990,174.54,7.16,0,478.4,06:56:48,R6
102991,0.35,6.81,0,420.8,14:23:02,R13
102992,0.59,7.71,1,65.4,20:51:37,R18
102993,0.95,7.0,1,64.0,12:36:28,R19
102994,3.5,6.97,1,349.4,18:59:43,R20
102995,2.26,6.96,1,181.7,11:29:03,R21
102996,2.56,6.96,1,217.7,17:02:30,R21
102997,0.78,6.78,1,127.5,20:55:12,R17
102998,0.93,7.29,1,107.0,10:02:03,R18
102999,1.93,6.68,0,348.2,16:56:01,R11
